Time,Trade_ID,Action,Symbol,Strategy,Entry_Price,SL_Price,TP1_Price,TP2_Price,Exit_Price,Exit_Reason,Stage,PnL_USDT,ATR_val,ATR_Pct,ADX,Leverage,Size,Margin_USDT,Trail_ATR_mult,Trail_cb_pct,VOL_rank,Price_15m,P15m_pct,Price_1h,P1h_pct,Price_4h,P4h_pct,Followup_Late
2026-05-30 11:12:26,P1780110746_MEMEUSDTUSDT,ENTRY_PROBE,MEME/USDT:USDT,BREAKOUT,0.0005224,0.0005179,0.0005312,0.0005399,,,,,4e-06,0.838,32.6,1,184549.0,96.41,,,,,,,,,,
2026-05-30 11:12:28,P1780110746_MEMEUSDTUSDT,PARTIAL_TP2,MEME/USDT:USDT,BREAKOUT,0.0005224,,,,0.0005399,TP2,2,0.97,4e-06,0.838,32.6,1,55364.7,,,,,,,,,,,
2026-05-30 11:12:31,P1780110746_MEMEUSDTUSDT,EXIT,MEME/USDT:USDT,BREAKOUT,0.0005224,,,,0.0005224,TRAIL,2,0.97,4e-06,0.838,32.6,1,184549.0,96.41,,,,,,,,,,
2026-05-30 14:05:21,P1780121121_VETUSDTUSDT,ENTRY_PROBE,VET/USDT:USDT,BREAKOUT,0.006199,0.006143,0.006311,0.006423,,,,,5.6e-05,0.903,35.3,1,15397.0,95.45,,,,,,,,,,
2026-05-30 20:02:23,P1780142543_ALLOUSDTUSDT,ENTRY_PROBE,ALLO/USDT:USDT,BREAKOUT,0.3119497,0.29899929,0.33975113,0.36755256,,,,,0.013901,4.456,47.8,1,72.0,22.46,,,,,,,,,,
2026-05-30 20:10:23,P1780142543_ALLOUSDTUSDT,EXIT,ALLO/USDT:USDT,BREAKOUT,0.3119497,,,,0.2978901,SL,0,-1.01,0.013901,4.456,47.8,1,72.0,22.46,,,,,,,,,,
2026-05-30 20:27:22,P1780144042_HEMIUSDTUSDT,ENTRY_PROBE,HEMI/USDT:USDT,PULLBACK,0.006883,0.00662232,0.00730746,0.00756214,,,,,0.00017,2.467,41.6,1,3955.0,27.22,,,,0.007674,1.29,0.00745,-1.67,0.007381,-2.58,
2026-05-30 21:33:22,P1780121121_VETUSDTUSDT,EXIT,VET/USDT:USDT,BREAKOUT,0.006199,,,,0.006193,BREAKEVEN,1,0.62,5.6e-05,0.903,35.3,1,9239.0,95.45,,,,,,,,,,
2026-05-31 00:32:36,P1780158756_SKYAIUSDTUSDT,ENTRY_PROBE,SKYAI/USDT:USDT,BREAKOUT,0.22155,0.21318286,0.23964429,0.25773857,,,,,0.009047,4.084,31.4,1,110.0,24.37,2.0,8.167,1.0,0.2011,-9.23,0.19297,-12.9,0.1871,-15.55,
2026-05-31 00:32:57,P1780158756_SKYAIUSDTUSDT,EXIT,SKYAI/USDT:USDT,BREAKOUT,0.22155,,,,0.21291,SL,0,-0.95,0.009047,4.084,31.4,1,110.0,24.37,,,,,,,,,,
2026-05-31 02:48:19,P1780166899_FETUSDTUSDT,ENTRY_PROBE,FET/USDT:USDT,BREAKOUT,0.2727,0.26618571,0.28652857,0.30035714,,,,,0.006914,2.535,33.4,1,142.0,38.72,2.0,5.071,2.0,0.266,-0.08,0.2684,-1.58,0.2717,-0.37,
2026-05-31 10:06:58,P1780144042_HEMIUSDTUSDT,ENTRY_CONFIRM,HEMI/USDT:USDT,PULLBACK,0.006934152602774596,0.00679811,0.00735862,0.0076133,,,,,0.00017,2.449,41.6,1,7857.0,54.48,,,,,,,,,,
2026-05-31 14:21:56,P1780166899_FETUSDTUSDT,EXIT,FET/USDT:USDT,BREAKOUT,0.2727,,,,0.2662,SL,0,-0.92,0.006914,2.535,33.4,1,142.0,38.72,,,,,,,,,,
2026-05-31 14:28:17,P1780208897_APRUSDTUSDT,ENTRY_PROBE,APR/USDT:USDT,PULLBACK,0.1863819,0.18066036,0.19569797,0.20128761,,,,,0.003726,1.999,31.9,10,176.0,3.28,1.0,1.999,5.0,0.18417,-0.09,0.18204,-1.24,,,
2026-05-31 14:35:17,P1780208897_APRUSDTUSDT,ENTRY_CONFIRM,APR/USDT:USDT,PULLBACK,0.1879648429378531,0.18451869,0.19728091,0.20287056,,,,,0.003726,1.983,31.9,10,354.0,6.65,,,,,,,,,,
2026-05-31 14:53:16,P1780210396_TONUSDTUSDT,ENTRY_PROBE,TON/USDT:USDT,BREAKOUT,1.87419235,1.86206429,1.89806378,1.92193521,,,,,0.011936,0.637,34.1,10,82.4,15.44,2.0,1.274,5.0,1.8533,-0.41,1.8622,0.06,1.8837,1.22,
2026-05-31 15:05:23,P1780211123_KITEUSDTUSDT,ENTRY_PROBE,KITE/USDT:USDT,BREAKOUT,0.2077195,0.20535,0.2123995,0.2170795,,,,,0.00234,1.127,37.7,10,416.0,8.64,2.0,2.253,2.0,0.20774,0.06,,,,,
2026-05-31 15:14:16,P1780210396_TONUSDTUSDT,EXIT,TON/USDT:USDT,BREAKOUT,1.874192354369,,,,1.861,SL,0,-1.09,0.011936,0.637,34.1,10,82.4,15.44,,,,,,,,,,
2026-05-31 16:16:19,P1780215379_INITUSDTUSDT,ENTRY_PROBE,INIT/USDT:USDT,BREAKOUT,0.07104,0.07002357,0.07281286,0.07458571,,,,,0.000886,1.248,30.8,10,1099.0,7.81,2.0,2.496,4.0,0.06847,-2.03,0.0705,0.88,,,
2026-05-31 16:18:46,P1780211123_KITEUSDTUSDT,PARTIAL_TP1,KITE/USDT:USDT,BREAKOUT,0.2077194951923,,,,0.2125268,TP1,1,0.8,0.00234,1.127,37.7,10,166.0,,,,,,,,,,,
2026-05-31 16:22:20,P1780215740_VVVUSDTUSDT,ENTRY_PROBE,VVV/USDT:USDT,BREAKOUT,18.42880352,18.08771429,19.00937495,19.58994638,,,,,0.290286,1.575,35.9,10,3.41,6.28,2.0,3.15,5.0,17.951,-0.71,17.887,-1.06,,,
2026-05-31 16:33:26,P1780215379_INITUSDTUSDT,EXIT,INIT/USDT:USDT,BREAKOUT,0.07104,,,,0.0698884,SL,0,-1.27,0.000886,1.248,30.8,10,1099.0,7.81,,,,,,,,,,
2026-05-31 17:01:19,P1780218079_PLAYUSDTUSDT,ENTRY_PROBE,PLAY/USDT:USDT,BREAKOUT,0.09614,0.09285714,0.10302571,0.10991143,,,,,0.003443,3.581,39.4,10,279.0,2.68,2.0,7.162,1.0,0.11144,19.71,0.11977,28.66,,,
2026-05-31 17:02:24,P1780218079_PLAYUSDTUSDT,EXIT,PLAY/USDT:USDT,BREAKOUT,0.09614,,,,0.0930886,SL,0,-0.85,0.003443,3.581,39.4,10,279.0,2.68,,,,,,,,,,
2026-05-31 17:04:20,P1780218260_MYXUSDTUSDT,ENTRY_PROBE,MYX/USDT:USDT,BREAKOUT,0.2548,0.24756429,0.26927143,0.28374286,,,,,0.007236,2.84,35.0,10,130.0,3.31,2.0,5.68,1.0,0.2516,1.78,0.2557,3.44,,,
2026-05-31 17:10:20,P1780215740_VVVUSDTUSDT,EXIT,VVV/USDT:USDT,BREAKOUT,18.42880352,,,,18.07947801,SL,0,-1.19,0.290286,1.575,35.9,10,3.41,6.28,,,,,,,,,,
2026-05-31 17:11:01,P1780208897_APRUSDTUSDT,EXIT,APR/USDT:USDT,PULLBACK,0.1879648587571,,,,0.1843339,SL,0,-1.29,0.003726,1.983,31.9,10,354.0,6.65,,,,,,,,,,
2026-05-31 17:28:18,P1780218260_MYXUSDTUSDT,EXIT,MYX/USDT:USDT,BREAKOUT,0.2548,,,,0.2472,SL,0,-0.99,0.007236,2.84,35.0,10,130.0,3.31,,,,,,,,,,
2026-05-31 18:26:17,P1780223177_STEEMUSDTUSDT,ENTRY_PROBE,STEEM/USDT:USDT,BREAKOUT,0.05217,0.050935,0.0546,0.05703,,,,,0.001215,2.329,33.1,10,755.0,3.94,2.0,4.658,1.0,0.05111,0.26,0.05163,1.28,0.05138,0.78,
2026-05-31 19:55:21,P1780211123_KITEUSDTUSDT,EXIT,KITE/USDT:USDT,BREAKOUT,0.2077194951923,,,,0.20761,BREAKEVEN,1,0.77,0.00234,1.127,37.7,10,250.0,8.64,,,,,,,,,,
2026-05-31 20:19:16,P1780229956_TONUSDTUSDT,ENTRY_PROBE,TON/USDT:USDT,BREAKOUT,1.9167,1.89875714,1.95238571,1.98807143,,,,,0.017843,0.931,39.2,10,51.0,9.78,2.0,1.862,5.0,1.9046,0.31,1.8914,-0.39,1.86,-2.04,
2026-05-31 20:53:16,P1780229956_TONUSDTUSDT,EXIT,TON/USDT:USDT,BREAKOUT,1.9167,,,,1.8988,SL,0,-0.91,0.017843,0.931,39.2,10,51.0,9.78,,,,,,,,,,
2026-05-31 22:13:18,P1780236798_FORMUSDTUSDT,ENTRY_PROBE,FORM/USDT:USDT,BREAKOUT,0.2687,0.26457143,0.27655714,0.28441429,,,,,0.003929,1.462,37.6,10,234.3,6.3,2.0,2.924,4.0,0.2608,-1.17,0.2661,0.83,0.2652,0.49,
2026-05-31 22:26:38,P1780236798_FORMUSDTUSDT,EXIT,FORM/USDT:USDT,BREAKOUT,0.2687,,,,0.2639,SL,0,-1.12,0.003929,1.462,37.6,10,234.3,6.3,,,,,,,,,,
2026-05-31 22:35:20,P1780144042_HEMIUSDTUSDT,PARTIAL_TP1,HEMI/USDT:USDT,PULLBACK,0.0069341526028,,,,0.007434,TP1,1,1.57,0.00017,2.449,41.6,1,3142.0,,,,,,,,,,,
2026-05-31 23:17:17,P1780240637_TONUSDTUSDT,ENTRY_PROBE,TON/USDT:USDT,BREAKOUT,1.8994,1.88130714,1.93558571,1.97177143,,,,,0.018093,0.953,39.3,10,50.7,9.63,2.0,1.905,1.0,1.8689,-0.57,1.8577,-1.17,1.8669,-0.68,
2026-06-01 00:22:20,P1780240637_TONUSDTUSDT,EXIT,TON/USDT:USDT,BREAKOUT,1.8994,,,,1.8797,SL,0,-1.0,0.018093,0.953,39.3,10,50.7,9.63,,,,,,,,,,
2026-06-01 01:27:43,P1780248463_MEMEUSDTUSDT,ENTRY_PROBE,MEME/USDT:USDT,BREAKOUT,0.0005935,0.00058176,0.00061637,0.00063924,,,,,1.1e-05,1.927,43.1,10,79670.0,4.73,2.0,3.854,4.0,0.0005841,0.41,0.0005921,1.79,0.0006101,4.88,
2026-06-01 02:30:49,P1780248463_MEMEUSDTUSDT,EXIT,MEME/USDT:USDT,BREAKOUT,0.0005935,,,,0.0005817,SL,0,-0.94,1.1e-05,1.927,43.1,10,79670.0,4.73,,,,,,,,,,
2026-06-01 02:31:18,P1780252278_FORMUSDTUSDT,ENTRY_PROBE,FORM/USDT:USDT,BREAKOUT,0.2654,0.26050714,0.27498571,0.28457143,,,,,0.004793,1.806,33.8,10,189.4,5.03,2.0,3.612,4.0,0.2623,0.85,0.2617,0.62,0.2672,2.73,
2026-06-01 02:46:18,P1780253178_ZORAUSDTUSDT,ENTRY_PROBE,ZORA/USDT:USDT,BREAKOUT,0.01117,0.01096786,0.01159429,0.01201857,,,,,0.000212,1.899,35.2,10,4268.0,4.77,2.0,3.798,2.0,0.01159,-1.28,0.01147,-2.3,0.01136,-3.24,
2026-06-01 03:15:19,P1780254919_SIRENUSDTUSDT,ENTRY_PROBE,SIREN/USDT:USDT,PULLBACK,0.4917,0.47996429,0.51109286,0.52272857,,,,,0.007757,1.578,36.2,10,77.0,3.79,1.0,1.578,5.0,0.5329,-1.21,0.5488,1.74,0.5811,7.73,
2026-06-01 03:30:18,P1780253178_ZORAUSDTUSDT,PARTIAL_TP1,ZORA/USDT:USDT,BREAKOUT,0.01117,,,,0.01165,TP1,1,0.82,0.000212,1.899,35.2,10,1707.0,,,,,,,,,,,
2026-06-01 03:38:48,P1780253178_ZORAUSDTUSDT,PARTIAL_TP2,ZORA/USDT:USDT,BREAKOUT,0.01117,,,,0.012,TP2,2,1.06,0.000212,1.899,35.2,10,1280.0,,,,,,,,,,,
2026-06-01 03:43:43,P1780253178_ZORAUSDTUSDT,EXIT,ZORA/USDT:USDT,BREAKOUT,0.01117,,,,0.01174,TRAIL,2,2.61,0.000212,1.899,35.2,10,1281.0,4.77,,,,,,,,,,
2026-06-01 04:05:03,P1780257903_TRXUSDTUSDT,ENTRY_PROBE,TRX/USDT:USDT,PULLBACK,0.35022,0.34917931,0.3511575,0.35172,,,,,0.000375,0.107,25.3,10,886.0,31.03,1.0,0.107,1.0,0.35168,0.08,0.35186,0.13,0.35037,-0.3,
2026-06-01 04:21:18,P1780258878_ALGOUSDTUSDT,ENTRY_PROBE,ALGO/USDT:USDT,PULLBACK,0.1263,0.1239,0.1303,0.1327,,,,,0.0016,1.267,29.6,10,388.1,4.9,1.0,1.267,3.0,0.1258,0.24,0.1243,-0.96,0.1234,-1.67,
2026-06-01 04:33:33,P1780254919_SIRENUSDTUSDT,ENTRY_CONFIRM,SIREN/USDT:USDT,PULLBACK,0.4956235668789809,0.48782143,0.51501642,0.52665214,,,,,0.007757,1.565,36.2,10,157.0,7.78,,,,,,,,,,
2026-06-01 04:56:51,P1780258878_ALGOUSDTUSDT,ENTRY_CONFIRM,ALGO/USDT:USDT,PULLBACK,0.1271581344902386,0.1255,0.13115813,0.13355813,,,,,0.0016,1.258,29.6,10,783.7,9.97,,,,,,,,,,
2026-06-01 05:17:19,P1780252278_FORMUSDTUSDT,EXIT,FORM/USDT:USDT,BREAKOUT,0.2654,,,,0.2601,SL,0,-1.0,0.004793,1.806,33.8,10,189.4,5.03,,,,,,,,,,
2026-06-01 07:36:03,P1780257903_TRXUSDTUSDT,PARTIAL_TP1,TRX/USDT:USDT,PULLBACK,0.35022,,,,0.35099,TP1,1,0.27,0.000375,0.107,25.3,10,354.0,,,,,,,,,,,
2026-06-01 07:55:18,P1780271718_ZORAUSDTUSDT,ENTRY_PROBE,ZORA/USDT:USDT,BREAKOUT,0.01158,0.01125214,0.01223571,0.01289143,,,,,0.000328,2.831,43.6,10,2828.0,3.27,2.0,5.662,5.0,0.01231,9.42,0.01205,7.11,0.01094,-2.76,
2026-06-01 08:02:22,P1780271718_ZORAUSDTUSDT,EXIT,ZORA/USDT:USDT,BREAKOUT,0.01158,,,,0.01125,SL,0,-0.93,0.000328,2.831,43.6,10,2828.0,3.27,,,,,,,,,,
2026-06-01 08:05:22,P1780272322_LAUSDTUSDT,ENTRY_PROBE,LA/USDT:USDT,PULLBACK,0.1091,0.10803929,0.11086786,0.11192857,,,,,0.000707,0.648,39.3,10,868.1,9.47,1.0,0.648,4.0,0.1107,2.5,0.1086,0.56,0.1074,-0.56,
2026-06-01 08:09:24,P1780257903_TRXUSDTUSDT,PARTIAL_TP2,TRX/USDT:USDT,PULLBACK,0.35022,,,,0.35165,TP2,2,0.38,0.000375,0.107,25.3,10,265.0,,,,,,,,,,,
2026-06-01 08:12:19,P1780257903_TRXUSDTUSDT,EXIT,TRX/USDT:USDT,PULLBACK,0.35022,,,,0.35141,TRAIL,2,0.97,0.000375,0.107,25.3,10,267.0,31.03,,,,,,,,,,
2026-06-01 08:15:19,P1780272919_AAVEUSDTUSDT,ENTRY_PROBE,AAVE/USDT:USDT,PULLBACK,82.43,82.01821429,83.09964286,83.50142857,,,,,0.267857,0.325,28.4,10,2.2,18.13,1.0,0.325,2.0,82.06,0.06,81.99,-0.02,81.88,-0.16,
2026-06-01 08:18:53,P1780272322_LAUSDTUSDT,EXIT,LA/USDT:USDT,PULLBACK,0.1091,,,,0.108,SL,0,-0.95,0.000707,0.648,39.3,10,868.1,9.47,,,,,,,,,,
2026-06-01 08:25:19,P1780273519_NEARUSDTUSDT,ENTRY_PROBE,NEAR/USDT:USDT,PULLBACK,2.35,2.31517857,2.40803571,2.44285714,,,,,0.023214,0.988,25.4,10,25.0,5.88,1.0,0.988,1.0,2.3,-0.65,2.265,-2.16,2.341,1.12,
2026-06-01 08:35:31,P1780274131_PUNDIXUSDTUSDT,ENTRY_PROBE,PUNDIX/USDT:USDT,PULLBACK,0.1437,0.14205357,0.14661071,0.14835714,,,,,0.001164,0.81,26.6,10,521.0,7.49,1.0,0.81,1.0,0.1407,-1.47,0.1404,-1.68,0.1404,-1.68,
2026-06-01 08:48:24,P1780254919_SIRENUSDTUSDT,PARTIAL_TP1,SIREN/USDT:USDT,PULLBACK,0.495623566879,,,,0.5187645,TP1,1,1.43,0.007757,1.565,36.2,10,62.0,,,,,,,,,,,
2026-06-01 08:59:25,P1780273519_NEARUSDTUSDT,EXIT,NEAR/USDT:USDT,PULLBACK,2.35,,,,2.315,SL,0,-0.88,0.023214,0.988,25.4,10,25.0,5.88,,,,,,,,,,
2026-06-01 09:02:42,P1780274131_PUNDIXUSDTUSDT,PARTIAL_TP1,PUNDIX/USDT:USDT,PULLBACK,0.1437,,,,0.1471,TP1,1,0.71,0.001164,0.81,26.6,10,208.0,,,,,,,,,,,
2026-06-01 09:03:18,P1780258878_ALGOUSDTUSDT,EXIT,ALGO/USDT:USDT,PULLBACK,0.1271581344902,,,,0.1255,SL,0,-1.3,0.0016,1.258,29.6,10,783.7,9.97,,,,,,,,,,
2026-06-01 09:04:19,P1780274131_PUNDIXUSDTUSDT,EXIT,PUNDIX/USDT:USDT,PULLBACK,0.1437,,,,0.1428,BREAKEVEN,1,0.43,0.001164,0.81,26.6,10,313.0,7.49,,,,,,,,,,
2026-06-01 09:25:28,P1780272919_AAVEUSDTUSDT,EXIT,AAVE/USDT:USDT,PULLBACK,82.43,,,,82.01,SL,0,-0.92,0.267857,0.325,28.4,10,2.2,18.13,,,,,,,,,,
2026-06-01 09:37:20,P1780277840_TONUSDTUSDT,ENTRY_PROBE,TON/USDT:USDT,BREAKOUT,1.9308,1.91373571,1.96392857,1.99705714,,,,,0.016564,0.858,33.7,10,55.3,10.68,2.0,1.716,3.0,1.9196,0.33,1.9472,1.78,1.9563,2.25,
2026-06-01 09:55:21,P1780277840_TONUSDTUSDT,EXIT,TON/USDT:USDT,BREAKOUT,1.9308,,,,1.9131999999999998,SL,0,-0.97,0.016564,0.858,33.7,10,55.3,10.68,,,,,,,,,,
2026-06-01 10:09:19,P1780279759_MEMEUSDTUSDT,ENTRY_PROBE,MEME/USDT:USDT,BREAKOUT,0.0006223,0.00061091,0.00064309,0.00066387,,,,,1e-05,1.67,48.1,10,87236.0,5.43,2.0,3.34,4.0,0.000603,-1.1,0.0005753,-5.64,0.0005743,-5.81,
2026-06-01 10:15:20,P1780280120_NIGHTUSDTUSDT,ENTRY_PROBE,NIGHT/USDT:USDT,PULLBACK,0.03826,0.03755714,0.03948143,0.04021429,,,,,0.000489,1.277,28.8,10,1252.0,4.79,1.0,1.277,3.0,0.03814,0.34,0.03827,0.68,0.03924,3.24,
2026-06-01 10:39:21,P1780280120_NIGHTUSDTUSDT,ENTRY_CONFIRM,NIGHT/USDT:USDT,PULLBACK,0.03850317175094024,0.03801571,0.0397246,0.04045746,,,,,0.000489,1.269,28.8,10,2393.0,9.21,,,,,,,,,,
2026-06-01 11:12:06,P1780283526_KITEUSDTUSDT,ENTRY_PROBE,KITE/USDT:USDT,BREAKOUT,0.2150268,0.21286929,0.21956823,0.22410966,,,,,0.002271,1.056,48.8,10,395.0,8.49,2.0,2.112,2.0,0.21186,-0.73,0.21029,-1.47,0.20996,-1.62,
2026-06-01 11:13:23,P1780279759_MEMEUSDTUSDT,EXIT,MEME/USDT:USDT,BREAKOUT,0.0006223,,,,0.0006097,SL,0,-1.1,1e-05,1.67,48.1,10,87236.0,5.43,,,,,,,,,,
2026-06-01 11:39:34,P1780283526_KITEUSDTUSDT,EXIT,KITE/USDT:USDT,BREAKOUT,0.2150268,,,,0.21342,SL,0,-0.63,0.002271,1.056,48.8,10,395.0,8.49,,,,,,,,,,
2026-06-01 11:52:25,P1780280120_NIGHTUSDTUSDT,EXIT,NIGHT/USDT:USDT,PULLBACK,0.0385031717509,,,,0.03801,SL,0,-1.18,0.000489,1.269,28.8,10,2393.0,9.21,,,,,,,,,,
2026-06-01 13:01:20,P1780290080_HYPEUSDTUSDT,ENTRY_PROBE,HYPE/USDT:USDT,BREAKOUT,73.448,72.7405,74.849,76.25,,,,,0.7005,0.954,42.9,10,1.24,9.11,2.0,1.907,5.0,73.5,1.03,72.368,-0.53,72.917,0.23,
2026-06-01 13:01:43,P1780290103_TONUSDTUSDT,ENTRY_PROBE,TON/USDT:USDT,BREAKOUT,1.9868,1.95694286,2.04331429,2.09982857,,,,,0.028257,1.422,39.7,10,30.7,6.1,2.0,2.844,1.0,1.9543,-0.04,1.9358,-0.99,1.924,-1.59,
2026-06-01 13:01:48,P1780290108_RAVEUSDTUSDT,ENTRY_PROBE,RAVE/USDT:USDT,PULLBACK,0.462,0.454625,0.474625,0.4822,,,,,0.00505,1.093,26.1,10,114.0,5.27,1.0,1.093,1.0,0.4611,0.35,0.4584,-0.23,0.4486,-2.37,
2026-06-01 13:11:20,P1780290679_APEUSDTUSDT,ENTRY_PROBE,APE/USDT:USDT,BREAKOUT,0.1474,0.14580714,0.15058571,0.15377143,,,,,0.001593,1.081,30.1,10,540.0,7.96,2.0,2.161,5.0,0.1459,0.0,0.1452,-0.48,0.144,-1.3,
2026-06-01 13:29:49,P1780290679_APEUSDTUSDT,EXIT,APE/USDT:USDT,BREAKOUT,0.1474,,,,0.1459,SL,0,-0.81,0.001593,1.081,30.1,10,540.0,7.96,,,,,,,,,,
2026-06-01 13:37:19,P1780290103_TONUSDTUSDT,EXIT,TON/USDT:USDT,BREAKOUT,1.9868,,,,1.9550999999999998,SL,0,-0.97,0.028257,1.422,39.7,10,30.7,6.1,,,,,,,,,,
2026-06-01 13:47:31,P1780290108_RAVEUSDTUSDT,ENTRY_CONFIRM,RAVE/USDT:USDT,PULLBACK,0.46493749999999995,0.459475,0.4775625,0.4851375,,,,,0.00505,1.086,26.1,10,208.0,9.67,,,,,,,,,,
2026-06-01 14:09:20,P1780223177_STEEMUSDTUSDT,EXIT,STEEM/USDT:USDT,BREAKOUT,0.05217,,,,0.05098,SL,0,-0.9,0.001215,2.329,33.1,10,755.0,3.94,,,,,,,,,,
2026-06-01 14:09:46,P1780290108_RAVEUSDTUSDT,EXIT,RAVE/USDT:USDT,PULLBACK,0.46493749999999995,,,,0.459475,SL,0,-1.14,0.00505,1.086,26.1,10,208.0,9.67,,,,,,,,,,
2026-06-01 14:15:03,P1780294503_VVVUSDTUSDT,ENTRY_PROBE,VVV/USDT:USDT,BREAKOUT,19.81634884,19.47485714,20.45863455,21.10092027,,,,,0.321143,1.621,37.2,10,2.58,5.11,2.0,3.241,1.0,19.744,1.38,19.055,-2.16,18.121,-6.96,
2026-06-01 14:44:21,P1780294503_VVVUSDTUSDT,EXIT,VVV/USDT:USDT,BREAKOUT,19.81634884,,,,19.47556976744186,SL,0,-0.88,0.321143,1.621,37.2,10,2.58,5.11,,,,,,,,,,
2026-06-01 14:46:48,P1780290080_HYPEUSDTUSDT,EXIT,HYPE/USDT:USDT,BREAKOUT,73.448,,,,72.75,SL,0,-0.87,0.7005,0.954,42.9,10,1.24,9.11,,,,,,,,,,
2026-06-01 15:17:22,P1780254919_SIRENUSDTUSDT,PARTIAL_TP2,SIREN/USDT:USDT,PULLBACK,0.495623566879,,,,0.5264,TP2,2,1.45,0.007757,1.565,36.2,10,47.0,,,,,,,,,,,
2026-06-01 15:40:10,P1780254919_SIRENUSDTUSDT,EXIT,SIREN/USDT:USDT,PULLBACK,0.495623566879,,,,0.5394,TRAIL,2,4.98,0.007757,1.565,36.2,10,48.0,7.78,,,,,,,,,,
2026-06-01 23:11:03,P1780144042_HEMIUSDTUSDT,PARTIAL_TP2,HEMI/USDT:USDT,PULLBACK,0.0069341526028,,,,0.0075763,TP2,2,1.51,0.00017,2.449,41.6,1,2357.0,,,,,,,,,,,
2026-06-01 23:16:22,P1780144042_HEMIUSDTUSDT,EXIT,HEMI/USDT:USDT,PULLBACK,0.0069341526028,,,,0.007576283411115826,TRAIL,2,4.59,0.00017,2.449,41.6,1,2358.0,54.48,,,,,,,,,,
2026-06-02 08:03:12,P1780358592_USELESSUSDTUSDT,ENTRY_PROBE,USELESS/USDT:USDT,BREAKOUT,0.08149,0.07997143,0.08460714,0.08772429,,,,,0.001559,1.913,32.7,10,539.0,4.39,2.0,3.825,1.0,0.08113,1.35,0.08181,2.2,0.08498,6.16,
2026-06-02 09:36:20,P1780358592_USELESSUSDTUSDT,EXIT,USELESS/USDT:USDT,BREAKOUT,0.08149,,,,0.08005,SL,0,-0.78,0.001559,1.913,32.7,10,539.0,4.39,,,,,,,,,,
2026-06-02 21:45:14,P1780407914_USDCUSDTUSDT,ENTRY_PROBE,USDC/USDT:USDT,BREAKOUT,1.000787,0.99778464,1.00081,1.000833,,,,,1.1e-05,0.001,55.5,10,277.0,27.72,2.0,0.002,2.0,1.000906,0.01,1.000704,-0.01,1.000579,-0.02,
2026-06-02 22:34:22,P1780407914_USDCUSDTUSDT,PARTIAL_TP1,USDC/USDT:USDT,BREAKOUT,1.000787,,,,1.00088,TP1,1,0.01,1.1e-05,0.001,55.5,10,110.0,,,,,,,,,,,
2026-06-02 22:34:23,P1780407914_USDCUSDTUSDT,PARTIAL_TP2,USDC/USDT:USDT,BREAKOUT,1.000787,,,,1.00088,TP2,2,0.01,1.1e-05,0.001,55.5,10,83.0,,,,,,,,,,,
2026-06-02 23:04:17,P1780407914_USDCUSDTUSDT,EXIT,USDC/USDT:USDT,BREAKOUT,1.000787,,,,1.000827,TRAIL,2,0.02,1.1e-05,0.001,55.5,10,84.0,27.72,,,,,,,,,,
2026-06-03 05:15:12,P1780434912_APEUSDTUSDT,ENTRY_PROBE,APE/USDT:USDT,BREAKOUT,0.1516,0.1486,0.1574,0.1632,,,,,0.0029,1.913,31.3,10,285.0,4.32,2.0,3.826,5.0,0.1481,-0.13,0.152,2.49,0.1467,-1.08,
2026-06-03 07:25:53,P1780434912_APEUSDTUSDT,EXIT,APE/USDT:USDT,BREAKOUT,0.1516,,,,0.1483,SL,0,-0.94,0.0029,1.913,31.3,10,285.0,4.32,,,,,,,,,,
2026-06-03 08:31:13,P1780446673_AAPLUSDTUSDT,ENTRY_PROBE,AAPL/USDT:USDT,BREAKOUT,315.23,314.2544,316.16,317.09,,,,,0.465,0.148,42.4,10,0.86,27.11,2.0,0.295,5.0,314.47,0.07,314.53,0.09,314.1,-0.04,
2026-06-03 11:46:33,P1780446673_AAPLUSDTUSDT,EXIT,AAPL/USDT:USDT,BREAKOUT,315.23,,,,314.23999999999995,SL,0,-0.85,0.465,0.148,42.4,10,0.86,27.11,,,,,,,,,,
2026-06-03 12:32:14,P1780461134_NOKUSDTUSDT,ENTRY_PROBE,NOK/USDT:USDT,BREAKOUT,17.75,17.56428571,18.12142857,18.49285714,,,,,0.185714,1.046,38.3,10,4.34,7.7,2.0,2.093,1.0,17.58,0.23,17.35,-1.08,17.22,-1.82,
2026-06-03 12:51:50,P1780461134_NOKUSDTUSDT,EXIT,NOK/USDT:USDT,BREAKOUT,17.75,,,,17.54,SL,0,-0.91,0.185714,1.046,38.3,10,4.34,7.7,,,,,,,,,,
2026-06-03 14:41:13,P1780468873_ETCUSDTUSDT,ENTRY_PROBE,ETC/USDT:USDT,BREAKOUT,7.946,7.87307143,8.08985714,8.23371429,,,,,0.071929,0.905,47.9,10,11.08,8.8,2.0,1.81,5.0,7.936,0.81,7.901,0.37,7.885,0.17,
2026-06-03 15:01:22,P1780468873_ETCUSDTUSDT,EXIT,ETC/USDT:USDT,BREAKOUT,7.946,,,,7.872,SL,0,-0.82,0.071929,0.905,47.9,10,11.08,8.8,,,,,,,,,,
2026-06-03 16:50:08,P1780476608_COPPERUSDTUSDT,ENTRY_PROBE,COPPER/USDT:USDT,PULLBACK,6.604829,6.583191,6.63643614,6.65540043,,,,,0.012643,0.191,25.7,10,39.7,26.22,1.0,0.191,4.0,6.571,-0.44,6.558,-0.64,6.503,-1.47,
2026-06-03 18:06:09,P1780476608_COPPERUSDTUSDT,ENTRY_CONFIRM,COPPER/USDT:USDT,PULLBACK,6.61242389937095,6.598146,6.64403104,6.66299533,,,,,0.012643,0.191,25.7,10,79.5,52.57,,,,,,,,,,
2026-06-03 20:27:01,P1780476608_COPPERUSDTUSDT,EXIT,COPPER/USDT:USDT,PULLBACK,6.612423899371,,,,6.6000000000000005,SL,0,-0.99,0.012643,0.191,25.7,10,79.5,52.57,,,,,,,,,,
2026-06-03 21:18:14,P1780492693_UNIUSDTUSDT,ENTRY_PROBE,UNI/USDT:USDT,BREAKOUT,2.911,2.89135714,2.95028571,2.98957143,,,,,0.019643,0.675,40.0,10,39.0,11.35,2.0,1.35,4.0,2.903,0.42,2.912,0.73,2.851,-1.38,
2026-06-03 21:46:09,P1780492693_UNIUSDTUSDT,EXIT,UNI/USDT:USDT,BREAKOUT,2.911,,,,2.891,SL,0,-0.78,0.019643,0.675,40.0,10,39.0,11.35,,,,,,,,,,
2026-06-07 17:00:17,P1780822817_1000SHIBUSDTUSDT,ENTRY_PROBE,1000SHIB/USDT:USDT,BREAKOUT,0.004769,0.00474543,0.00481614,0.00486329,,,,,2.4e-05,0.494,33.4,10,32444.0,15.47,2.0,0.989,1.0,0.004741,-0.08,0.004721,-0.51,0.004657,-1.85,
2026-06-07 17:02:18,P1780822937_1000LUNCUSDTUSDT,ENTRY_PROBE,1000LUNC/USDT:USDT,BREAKOUT,0.06786,0.06701071,0.06927857,0.07069714,,,,,0.000709,1.045,36.2,10,1079.0,7.32,2.0,2.09,1.0,0.0674,0.75,0.06702,0.18,0.06607,-1.24,
2026-06-07 17:26:40,P1780822817_1000SHIBUSDTUSDT,EXIT,1000SHIB/USDT:USDT,BREAKOUT,0.004769,,,,0.004745,SL,0,-0.78,2.4e-05,0.494,33.4,10,32444.0,15.47,,,,,,,,,,
2026-06-07 17:33:17,P1780824797_1000BONKUSDTUSDT,ENTRY_PROBE,1000BONK/USDT:USDT,PULLBACK,0.004394,0.00435525,0.00446025,0.0045,,,,,2.6e-05,0.603,29.8,10,19025.0,8.36,1.0,0.603,1.0,0.004359,0.11,0.004344,-0.23,0.004327,-0.62,
2026-06-07 17:40:36,P1780822937_1000LUNCUSDTUSDT,EXIT,1000LUNC/USDT:USDT,BREAKOUT,0.06786,,,,0.0669,SL,0,-1.04,0.000709,1.045,36.2,10,1079.0,7.32,,,,,,,,,,
2026-06-07 18:02:50,P1780824797_1000BONKUSDTUSDT,EXIT,1000BONK/USDT:USDT,PULLBACK,0.004394,,,,0.004354,SL,0,-0.76,2.6e-05,0.603,29.8,10,19025.0,8.36,,,,,,,,,,
2026-06-07 18:03:20,P1780826600_CCUSDTUSDT,ENTRY_PROBE,CC/USDT:USDT,BREAKOUT,0.1672107,0.16628786,0.16933499,0.17145927,,,,,0.001062,0.635,36.6,10,692.0,11.57,2.0,1.27,1.0,0.16771,0.86,0.16519,-0.66,0.16032,-3.59,
2026-06-07 19:17:20,P1780831040_SKHYNIXUSDTUSDT,ENTRY_PROBE,SKHYNIX/USDT:USDT,BREAKOUT,1271.66,1260.39714286,1293.02571429,1314.39142857,,,,,10.682857,0.84,37.9,10,0.07,8.9,2.0,1.68,4.0,1257.76,-0.1,1249.13,-0.79,,,
2026-06-07 20:01:17,P1780833677_SOLUSDTUSDT,ENTRY_PROBE,SOL/USDT:USDT,BREAKOUT,65.01,64.60357143,65.82285714,66.63571429,,,,,0.406429,0.625,33.4,10,1.87,12.16,2.0,1.25,1.0,63.94,-1.01,64.18,-0.63,64.85,0.4,
2026-06-07 20:01:19,P1780833678_LINKUSDTUSDT,ENTRY_PROBE,LINK/USDT:USDT,BREAKOUT,7.765,7.72071429,7.85157143,7.93814286,,,,,0.043286,0.557,31.7,10,17.57,13.64,2.0,1.115,1.0,7.634,-1.11,7.685,-0.45,7.689,-0.4,
2026-06-07 20:05:17,P1780833917_ARBUSDTUSDT,ENTRY_PROBE,ARB/USDT:USDT,PULLBACK,0.0825,0.08145,0.08425,0.0853,,,,,0.0007,0.848,27.7,10,724.7,5.98,1.0,0.848,5.0,0.0811,-0.49,0.0813,-0.25,0.0814,-0.12,
2026-06-07 20:09:40,P1780833677_SOLUSDTUSDT,EXIT,SOL/USDT:USDT,BREAKOUT,65.01,,,,64.59,SL,0,-0.79,0.406429,0.625,33.4,10,1.87,12.16,,,,,,,,,,
2026-06-07 20:09:41,P1780833678_LINKUSDTUSDT,EXIT,LINK/USDT:USDT,BREAKOUT,7.765,,,,7.72,SL,0,-0.79,0.043286,0.557,31.7,10,17.57,13.64,,,,,,,,,,
2026-06-07 20:11:56,P1780833917_ARBUSDTUSDT,EXIT,ARB/USDT:USDT,PULLBACK,0.0825,,,,0.0815,SL,0,-0.72,0.0007,0.848,27.7,10,724.7,5.98,,,,,,,,,,
2026-06-07 21:35:22,P1780839321_PLAYUSDTUSDT,ENTRY_PROBE,PLAY/USDT:USDT,BREAKOUT,0.086053,0.08495714,0.08821871,0.09038443,,,,,0.001083,1.258,30.7,10,686.0,5.9,2.0,2.517,1.0,0.08582,0.96,0.08484,-0.19,0.08666,1.95,
2026-06-07 22:20:20,P1780842020_TIAUSDTUSDT,ENTRY_PROBE,TIA/USDT:USDT,BREAKOUT,0.3162,0.31346429,0.32167143,0.32714286,,,,,0.002736,0.865,31.4,10,274.0,8.66,2.0,1.73,3.0,0.3148,0.35,0.3124,-0.41,0.3077,-1.91,
2026-06-07 22:21:17,P1780842077_POLUSDTUSDT,ENTRY_PROBE,POL/USDT:USDT,PULLBACK,0.07927,0.07846214,0.08061643,0.08142429,,,,,0.000539,0.679,25.4,10,926.0,7.34,1.0,0.679,5.0,0.07785,-0.73,0.07748,-1.2,0.07942,1.27,
2026-06-07 22:25:17,P1780842317_TRUMPUSDTUSDT,ENTRY_PROBE,TRUMP/USDT:USDT,PULLBACK,1.63,1.61317857,1.65803571,1.67485714,,,,,0.011214,0.688,27.4,10,44.82,7.31,1.0,0.688,1.0,1.595,-1.12,1.594,-1.18,1.655,2.6,
2026-06-07 22:26:18,P1780842377_AAVEUSDTUSDT,ENTRY_PROBE,AAVE/USDT:USDT,PULLBACK,63.17,62.45464286,64.32892857,65.02428571,,,,,0.463571,0.734,27.3,10,1.0,6.32,1.0,0.734,1.0,62.05,-0.64,61.54,-1.46,64.1,2.64,
2026-06-07 22:26:20,P1780842379_1000SHIBUSDTUSDT,ENTRY_PROBE,1000SHIB/USDT:USDT,PULLBACK,0.004693,0.004659,0.004748,0.004781,,,,,2.2e-05,0.469,33.5,10,22854.0,10.73,1.0,0.469,1.0,0.004607,-1.03,0.004594,-1.31,0.004717,1.33,
2026-06-07 22:41:05,P1780839321_PLAYUSDTUSDT,EXIT,PLAY/USDT:USDT,BREAKOUT,0.086053,,,,0.085,SL,0,-0.72,0.001083,1.258,30.7,10,686.0,5.9,,,,,,,,,,
2026-06-07 22:50:18,P1780843817_UNIUSDTUSDT,ENTRY_PROBE,UNI/USDT:USDT,BREAKOUT,2.521,2.50864286,2.54771429,2.57442857,,,,,0.013357,0.53,34.5,10,53.0,13.36,2.0,1.06,1.0,2.522,0.52,2.518,0.36,2.482,-1.08,
2026-06-07 23:17:48,P1780843817_UNIUSDTUSDT,EXIT,UNI/USDT:USDT,BREAKOUT,2.521,,,,2.509,SL,0,-0.64,0.013357,0.53,34.5,10,53.0,13.36,,,,,,,,,,
2026-06-07 23:30:19,P1780846218_BTCUSDTUSDT,ENTRY_PROBE,BTC/USDT:USDT,PULLBACK,61940.4,61602.92142857,62497.36428571,62831.54285714,,,,,222.785714,0.36,27.6,10,0.002,12.39,1.0,0.36,1.0,61419.4,-0.35,61523.7,-0.18,62815.0,1.91,
2026-06-08 00:28:11,P1780826600_CCUSDTUSDT,EXIT,CC/USDT:USDT,BREAKOUT,0.1672107,,,,0.16628785714285715,SL,0,-0.64,0.001062,0.635,36.6,10,692.0,11.57,,,,,,,,,,
2026-06-08 00:30:20,P1780849820_KITEUSDTUSDT,ENTRY_PROBE,KITE/USDT:USDT,BREAKOUT,0.19466,0.19314214,0.19807571,0.20149143,,,,,0.001708,0.877,47.6,10,411.0,8.0,2.0,1.755,4.0,0.19179,-0.7,0.1943,0.6,0.19733,2.16,
2026-06-08 01:52:35,P1780842020_TIAUSDTUSDT,EXIT,TIA/USDT:USDT,BREAKOUT,0.3162,,,,0.3137,SL,0,-0.69,0.002736,0.865,31.4,10,274.0,8.66,,,,,,,,,,
2026-06-08 02:03:19,P1780855398_SAHARAUSDTUSDT,ENTRY_PROBE,SAHARA/USDT:USDT,BREAKOUT,0.03685,0.03629643,0.03783714,0.03882429,,,,,0.000494,1.339,35.2,10,1463.0,5.39,2.0,2.679,1.0,0.03676,1.27,0.03767,3.77,0.03727,2.67,
2026-06-08 02:49:41,P1780842377_AAVEUSDTUSDT,EXIT,AAVE/USDT:USDT,PULLBACK,63.17,,,,62.45,SL,0,-0.72,0.463571,0.734,27.3,10,1.0,6.32,,,,,,,,,,
2026-06-08 03:01:18,P1780842379_1000SHIBUSDTUSDT,EXIT,1000SHIB/USDT:USDT,PULLBACK,0.004693,,,,0.004654999999999999,SL,0,-0.87,2.2e-05,0.469,33.5,10,22854.0,10.73,,,,,,,,,,
2026-06-08 03:02:19,P1780842317_TRUMPUSDTUSDT,EXIT,TRUMP/USDT:USDT,PULLBACK,1.63,,,,1.6129999999999998,SL,0,-0.76,0.011214,0.688,27.4,10,44.82,7.31,,,,,,,,,,
2026-06-08 03:02:22,P1780842077_POLUSDTUSDT,EXIT,POL/USDT:USDT,PULLBACK,0.07927,,,,0.07842068034557237,SL,0,-0.79,0.000539,0.679,25.4,10,926.0,7.34,,,,,,,,,,
2026-06-08 03:06:18,P1780846218_BTCUSDTUSDT,EXIT,BTC/USDT:USDT,PULLBACK,61940.4,,,,61636.2,SL,0,-0.61,222.785714,0.36,27.6,10,0.002,12.39,,,,,,,,,,
2026-06-08 03:13:18,P1780855398_SAHARAUSDTUSDT,EXIT,SAHARA/USDT:USDT,BREAKOUT,0.03685,,,,0.0363,SL,0,-0.8,0.000494,1.339,35.2,10,1463.0,5.39,,,,,,,,,,
2026-06-08 03:31:39,P1780849820_KITEUSDTUSDT,EXIT,KITE/USDT:USDT,BREAKOUT,0.19466,,,,0.1931485888077859,SL,0,-0.62,0.001708,0.877,47.6,10,411.0,8.0,,,,,,,,,,
2026-06-08 04:33:39,P1780831040_SKHYNIXUSDTUSDT,EXIT,SKHYNIX/USDT:USDT,BREAKOUT,1271.66,,,,1259.0133333333333,SL,0,-0.89,10.682857,0.84,37.9,10,0.07,8.9,,,,,,,,,,
2026-06-08 04:51:19,P1780865479_TIAUSDTUSDT,ENTRY_PROBE,TIA/USDT:USDT,PULLBACK,0.3098,0.30620714,0.31562143,0.31911429,,,,,0.002329,0.752,33.7,10,182.0,5.64,1.0,0.752,1.0,0.3228,5.42,0.3232,5.55,0.3241,5.84,
2026-06-08 04:58:17,P1780865897_GIGGLEUSDTUSDT,ENTRY_PROBE,GIGGLE/USDT:USDT,BREAKOUT,29.46,29.03214286,30.29571429,31.13142857,,,,,0.417857,1.418,37.4,10,1.52,4.48,2.0,2.837,3.0,28.13,-3.11,28.05,-3.38,27.36,-5.76,
2026-06-08 04:58:20,P1780865899_BIOUSDTUSDT,ENTRY_PROBE,BIO/USDT:USDT,PULLBACK,0.02747,0.02715179,0.02800036,0.02831857,,,,,0.000212,0.772,25.1,10,2003.0,5.5,1.0,0.772,2.0,0.02734,0.74,0.02849,4.97,,,
2026-06-08 05:17:02,P1780867022_SNDKUSDTUSDT,ENTRY_PROBE,SNDK/USDT:USDT,PULLBACK,1593.91,1582.68678571,1611.51535714,1622.07857143,,,,,7.042143,0.442,26.7,10,0.06,9.56,1.0,0.442,3.0,1590.87,0.53,1582.77,0.02,,,
2026-06-08 05:43:19,P1780865899_BIOUSDTUSDT,EXIT,BIO/USDT:USDT,PULLBACK,0.02747,,,,0.02714,SL,0,-0.66,0.000212,0.772,25.1,10,2003.0,5.5,,,,,,,,,,
2026-06-08 05:59:52,P1780867022_SNDKUSDTUSDT,EXIT,SNDK/USDT:USDT,PULLBACK,1593.91,,,,1582.51,SL,0,-0.68,7.042143,0.442,26.7,10,0.06,9.56,,,,,,,,,,
2026-06-08 06:15:20,P1780870519_OPENUSDTUSDT,ENTRY_PROBE,OPEN/USDT:USDT,BREAKOUT,0.2079,0.20469286,0.21391429,0.21992857,,,,,0.003007,1.446,48.3,10,218.0,4.53,2.0,2.893,4.0,0.2045,0.2,,,,,
2026-06-08 06:15:21,P1780870521_PLAYUSDTUSDT,ENTRY_PROBE,PLAY/USDT:USDT,BREAKOUT,0.0868068,0.08579357,0.08885966,0.09091251,,,,,0.001026,1.182,42.4,10,638.0,5.54,2.0,2.365,2.0,0.0865,0.73,,,,,
2026-06-08 06:16:00,P1780870559_MEMEUSDTUSDT,ENTRY_PROBE,MEME/USDT:USDT,PULLBACK,0.0006018,0.00059342,0.0006171,0.00062629,,,,,6e-06,1.017,25.8,10,71059.0,4.28,1.0,1.017,2.0,0.0005914,-0.34,0.0005859,-1.26,,,
2026-06-08 06:26:19,P1780870559_MEMEUSDTUSDT,EXIT,MEME/USDT:USDT,PULLBACK,0.0006018,,,,0.0005934,SL,0,-0.6,6e-06,1.017,25.8,10,71059.0,4.28,,,,,,,,,,
2026-06-08 06:33:31,P1780870519_OPENUSDTUSDT,EXIT,OPEN/USDT:USDT,BREAKOUT,0.2079,,,,0.2041,SL,0,-0.83,0.003007,1.446,48.3,10,218.0,4.53,,,,,,,,,,
2026-06-08 06:50:20,P1780872619_1000LUNCUSDTUSDT,ENTRY_PROBE,1000LUNC/USDT:USDT,BREAKOUT,0.06697,0.06610214,0.06868571,0.07040143,,,,,0.000858,1.281,30.5,10,729.0,4.88,2.0,2.562,5.0,0.07108,7.53,0.0706,6.8,0.07058,6.77,
2026-06-08 06:53:34,P1780870521_PLAYUSDTUSDT,EXIT,PLAY/USDT:USDT,BREAKOUT,0.0868068,,,,0.08587000000000002,SL,0,-0.6,0.001026,1.182,42.4,10,638.0,5.54,,,,,,,,,,
2026-06-08 06:55:19,P1780872919_SKHYNIXUSDTUSDT,ENTRY_PROBE,SKHYNIX/USDT:USDT,PULLBACK,1283.81,1253.0975,1335.2475,1366.11,,,,,20.575,1.603,32.0,10,0.02,2.57,1.0,1.603,5.0,1254.55,0.17,,,,,
2026-06-08 07:00:53,P1780872919_SKHYNIXUSDTUSDT,EXIT,SKHYNIX/USDT:USDT,PULLBACK,1283.81,,,,1252.46,SL,0,-0.63,20.575,1.603,32.0,10,0.02,2.57,,,,,,,,,,
2026-06-08 07:30:19,P1780875018_EIGENUSDTUSDT,ENTRY_PROBE,EIGEN/USDT:USDT,BREAKOUT,0.1804,0.17756429,0.18627143,0.19214286,,,,,0.002936,1.627,32.7,10,209.8,3.78,2.0,3.255,1.0,0.1807,1.77,0.1818,2.39,0.1811,1.99,
2026-06-12 07:42:44,P1780865479_TIAUSDTUSDT,EXIT,TIA/USDT:USDT,PULLBACK,0.3098,,,,0.30620714285714284,SL,0,-0.65,0.002329,0.752,33.7,10,182.0,5.64,,,,,,,,,,
2026-06-12 07:42:44,P1780865897_GIGGLEUSDTUSDT,EXIT,GIGGLE/USDT:USDT,BREAKOUT,29.46,,,,29.032142857142855,SL,0,-0.65,0.417857,1.418,37.4,10,1.52,4.48,,,,,,,,,,
2026-06-12 07:42:45,P1780872619_1000LUNCUSDTUSDT,EXIT,1000LUNC/USDT:USDT,BREAKOUT,0.06697,,,,0.06610214285714286,SL,0,-0.63,0.000858,1.281,30.5,10,729.0,4.88,,,,,,,,,,
2026-06-12 07:42:46,P1780875018_EIGENUSDTUSDT,EXIT,EIGEN/USDT:USDT,BREAKOUT,0.1804,,,,0.1775642857142857,SL,0,-0.59,0.002936,1.627,32.7,10,209.8,3.78,,,,,,,,,,
2026-06-12 08:02:22,P1781222541_BILLUSDTUSDT,ENTRY_PROBE,BILL/USDT:USDT,BREAKOUT,0.07024,0.06941643,0.07192714,0.07361429,,,,,0.000844,1.201,31.4,10,718.0,5.04,2.0,2.402,2.0,0.06884,-1.12,0.06954,-0.11,0.07079,1.68,
2026-06-12 08:06:21,P1781222781_SAMSUNGUSDTUSDT,ENTRY_PROBE,SAMSUNG/USDT:USDT,BREAKOUT,217.0857576,215.16285714,220.76004331,224.43432903,,,,,1.837143,0.846,30.1,10,0.33,7.16,2.0,1.693,4.0,211.79,-1.51,211.8,-1.5,215.93,0.42,
2026-06-12 08:08:21,P1781222900_JUPUSDTUSDT,ENTRY_PROBE,JUP/USDT:USDT,BREAKOUT,0.1638,0.16250714,0.16618571,0.16857143,,,,,0.001193,0.728,32.9,10,520.0,8.52,2.0,1.456,3.0,0.1628,0.18,0.1613,-0.74,0.1614,-0.68,
2026-06-12 08:08:23,P1781222903_XMRUSDTUSDT,ENTRY_PROBE,XMR/USDT:USDT,BREAKOUT,385.92569,380.38785714,396.54997571,407.17426143,,,,,5.312143,1.376,57.9,10,0.116,4.48,2.0,2.753,1.0,389.28,2.35,374.95,-1.41,388.64,2.18,
2026-06-12 08:24:56,P1781222900_JUPUSDTUSDT,EXIT,JUP/USDT:USDT,BREAKOUT,0.1638,,,,0.1625,SL,0,-0.68,0.001193,0.728,32.9,10,520.0,8.52,,,,,,,,,,
2026-06-12 08:26:23,P1781223982_ZROUSDTUSDT,ENTRY_PROBE,ZRO/USDT:USDT,BREAKOUT,0.9095,0.90421429,0.92207143,0.93464286,,,,,0.006286,0.691,30.8,10,100.1,9.1,2.0,1.382,5.0,0.9029,-0.11,0.8947,-1.02,0.9072,0.37,
2026-06-12 08:31:22,P1781224281_1000SHIBUSDTUSDT,ENTRY_PROBE,1000SHIB/USDT:USDT,BREAKOUT,0.004832,0.00481736,0.00486129,0.00489057,,,,,1.5e-05,0.303,32.0,10,43000.0,20.78,2.0,0.606,2.0,0.004808,-0.19,0.004836,0.39,0.004841,0.5,
2026-06-12 08:31:23,P1781223982_ZROUSDTUSDT,EXIT,ZRO/USDT:USDT,BREAKOUT,0.9095,,,,0.9039,SL,0,-0.56,0.006286,0.691,30.8,10,100.1,9.1,,,,,,,,,,
2026-06-12 09:20:24,P1781224281_1000SHIBUSDTUSDT,EXIT,1000SHIB/USDT:USDT,BREAKOUT,0.004832,,,,0.004817,SL,0,-0.65,1.5e-05,0.303,32.0,10,43000.0,20.78,,,,,,,,,,
2026-06-12 09:36:22,P1781222541_BILLUSDTUSDT,EXIT,BILL/USDT:USDT,BREAKOUT,0.07024,,,,0.06962,SL,0,-0.45,0.000844,1.201,31.4,10,718.0,5.04,,,,,,,,,,
2026-06-12 09:46:23,P1781228782_ROBOUSDTUSDT,ENTRY_PROBE,ROBO/USDT:USDT,BREAKOUT,0.02223,0.02197,0.02271,0.02319,,,,,0.00024,1.08,33.0,10,2607.0,5.8,2.0,2.159,4.0,0.02232,1.59,0.02251,2.46,0.02185,-0.55,
2026-06-12 10:11:24,P1781230284_CRVUSDTUSDT,ENTRY_PROBE,CRV/USDT:USDT,BREAKOUT,0.2623,0.25832143,0.26925714,0.27621429,,,,,0.003479,1.326,50.5,10,183.9,4.82,2.0,2.652,3.0,0.2612,1.12,0.2603,0.77,0.2489,-3.64,
2026-06-12 10:17:24,P1781230284_CRVUSDTUSDT,EXIT,CRV/USDT:USDT,BREAKOUT,0.2623,,,,0.2583,SL,0,-0.74,0.003479,1.326,50.5,10,183.9,4.82,,,,,,,,,,
2026-06-12 10:27:24,P1781228782_ROBOUSDTUSDT,EXIT,ROBO/USDT:USDT,BREAKOUT,0.02223,,,,0.02197,SL,0,-0.68,0.00024,1.08,33.0,10,2607.0,5.8,,,,,,,,,,
2026-06-12 10:52:43,P1781222903_XMRUSDTUSDT,EXIT,XMR/USDT:USDT,BREAKOUT,385.92569,,,,380.33,SL,0,-0.65,5.312143,1.376,57.9,10,0.116,4.48,,,,,,,,,,
2026-06-12 11:12:21,P1781233940_ATOMUSDTUSDT,ENTRY_PROBE,ATOM/USDT:USDT,BREAKOUT,2.006,1.98921429,2.03957143,2.07314286,,,,,0.016786,0.837,49.0,10,35.95,7.21,2.0,1.674,2.0,1.985,-0.2,1.984,-0.25,1.999,0.5,
2026-06-12 11:16:03,P1781234162_PAXGUSDTUSDT,ENTRY_PROBE,PAXG/USDT:USDT,BREAKOUT,4192.44,4178.82428571,4219.65142857,4246.86285714,,,,,13.605714,0.325,33.1,10,0.044,18.45,2.0,0.649,3.0,4184.29,0.13,4179.65,0.02,4217.6,0.93,
2026-06-12 11:17:23,P1781234242_NOKUSDTUSDT,ENTRY_PROBE,NOK/USDT:USDT,BREAKOUT,14.4754251,14.37857143,14.63828224,14.80113939,,,,,0.081429,0.563,30.6,10,7.41,10.73,2.0,1.125,1.0,14.43,0.35,14.45,0.49,14.2,-1.25,
2026-06-12 11:23:51,P1781234242_NOKUSDTUSDT,EXIT,NOK/USDT:USDT,BREAKOUT,14.4754251,,,,14.38,SL,0,-0.71,0.081429,0.563,30.6,10,7.41,10.73,,,,,,,,,,
2026-06-12 11:46:22,P1781235981_HYPEUSDTUSDT,ENTRY_PROBE,HYPE/USDT:USDT,BREAKOUT,59.289,58.84485714,60.19928571,61.10957143,,,,,0.455143,0.768,41.7,10,1.3,7.71,2.0,1.535,1.0,59.121,0.48,58.52,-0.54,57.78,-1.8,
2026-06-12 12:04:24,P1781237064_ASTRUSDTUSDT,ENTRY_PROBE,ASTR/USDT:USDT,PULLBACK,0.00595,0.00578682,0.00621696,0.00637714,,,,,0.000107,1.795,31.8,10,3703.0,2.2,1.0,1.795,2.0,0.005812,0.44,0.005712,-1.29,0.005665,-2.11,
2026-06-12 12:09:31,P1781235981_HYPEUSDTUSDT,EXIT,HYPE/USDT:USDT,BREAKOUT,59.289,,,,58.838,SL,0,-0.59,0.455143,0.768,41.7,10,1.3,7.71,,,,,,,,,,
2026-06-12 12:11:22,P1781237482_BASEDUSDTUSDT,ENTRY_PROBE,BASED/USDT:USDT,BREAKOUT,0.072807,0.07202714,0.07441271,0.07601843,,,,,0.000803,1.103,32.0,10,729.0,5.31,2.0,2.205,1.0,0.07264,0.82,0.07055,-2.08,0.06967,-3.3,
2026-06-12 12:15:22,P1781237482_BASEDUSDTUSDT,EXIT,BASED/USDT:USDT,BREAKOUT,0.072807,,,,0.07205,SL,0,-0.55,0.000803,1.103,32.0,10,729.0,5.31,,,,,,,,,,
2026-06-12 12:51:22,P1781239882_NVDAUSDTUSDT,ENTRY_PROBE,NVDA/USDT:USDT,PULLBACK,205.9465556,205.27964286,207.03048417,207.68084131,,,,,0.433571,0.211,25.4,10,0.9,18.54,1.0,0.211,1.0,204.76,-0.26,204.44,-0.41,206.44,0.56,
2026-06-12 12:55:30,P1781240130_LDOUSDTUSDT,ENTRY_PROBE,LDO/USDT:USDT,PULLBACK,0.2656,0.26343571,0.26920714,0.27137143,,,,,0.001443,0.543,25.9,10,273.0,7.25,1.0,0.543,2.0,0.264,0.23,0.2617,-0.65,0.2669,1.33,
2026-06-12 13:11:27,P1781234162_PAXGUSDTUSDT,EXIT,PAXG/USDT:USDT,BREAKOUT,4192.44,,,,4178.760000000001,SL,0,-0.6,13.605714,0.325,33.1,10,0.044,18.45,,,,,,,,,,
2026-06-12 13:31:04,P1781242263_HEMIUSDTUSDT,ENTRY_PROBE,HEMI/USDT:USDT,PULLBACK,0.0056758,0.00552675,0.00591955,0.0060658,,,,,9.8e-05,1.718,40.0,10,3900.0,2.21,1.0,1.718,1.0,0.005615,-0.18,0.005756,2.33,0.005802,3.15,
2026-06-12 13:36:24,P1781242583_PYTHUSDTUSDT,ENTRY_PROBE,PYTH/USDT:USDT,BREAKOUT,0.03921,0.038525,0.04064,0.04207,,,,,0.000715,1.824,49.3,10,788.0,3.09,2.0,3.647,3.0,0.03722,-3.43,0.03739,-2.98,0.03964,2.85,
2026-06-12 13:37:52,P1781222781_SAMSUNGUSDTUSDT,EXIT,SAMSUNG/USDT:USDT,BREAKOUT,217.0857576,,,,215.03,SL,0,-0.68,1.837143,0.846,30.1,10,0.33,7.16,,,,,,,,,,
2026-06-12 13:38:40,P1781240130_LDOUSDTUSDT,EXIT,LDO/USDT:USDT,PULLBACK,0.2656,,,,0.2634,SL,0,-0.6,0.001443,0.543,25.9,10,273.0,7.25,,,,,,,,,,
2026-06-12 13:39:01,P1781239882_NVDAUSDTUSDT,EXIT,NVDA/USDT:USDT,PULLBACK,205.9465556,,,,205.29,SL,0,-0.59,0.433571,0.211,25.4,10,0.9,18.54,,,,,,,,,,
2026-06-12 14:01:51,P1781242583_PYTHUSDTUSDT,EXIT,PYTH/USDT:USDT,BREAKOUT,0.03921,,,,0.03854,SL,0,-0.53,0.000715,1.824,49.3,10,788.0,3.09,,,,,,,,,,
2026-06-12 14:08:00,P1781242263_HEMIUSDTUSDT,ENTRY_CONFIRM,HEMI/USDT:USDT,PULLBACK,0.005718340774786605,0.00562705,0.00596209,0.00610834,,,,,9.8e-05,1.705,40.0,10,7615.0,4.35,,,,,,,,,,
2026-06-12 14:10:41,P1781233940_ATOMUSDTUSDT,EXIT,ATOM/USDT:USDT,BREAKOUT,2.006,,,,1.989,SL,0,-0.61,0.016786,0.837,49.0,10,35.95,7.21,,,,,,,,,,
2026-06-12 14:26:24,P1781245583_CATIUSDTUSDT,ENTRY_PROBE,CATI/USDT:USDT,BREAKOUT,0.0598508,0.05902857,0.06145366,0.06305651,,,,,0.000801,1.339,30.9,10,675.0,4.04,2.0,2.678,2.0,0.05883,-0.42,0.05922,0.24,0.05707,-3.4,
2026-06-12 14:57:54,P1781245583_CATIUSDTUSDT,EXIT,CATI/USDT:USDT,BREAKOUT,0.0598508,,,,0.059079999999999994,SL,0,-0.52,0.000801,1.339,30.9,10,675.0,4.04,,,,,,,,,,
2026-06-12 15:59:29,P1781242263_HEMIUSDTUSDT,EXIT,HEMI/USDT:USDT,PULLBACK,0.005718340774786605,,,,0.005625,SL,0,-0.71,9.8e-05,1.705,40.0,10,7615.0,4.35,,,,,,,,,,
2026-06-12 16:01:25,P1781251285_BNBUSDTUSDT,ENTRY_PROBE,BNB/USDT:USDT,PULLBACK,601.2,598.65178571,604.73035714,606.84857143,,,,,1.412143,0.235,29.1,10,0.24,14.43,1.0,0.235,1.0,600.33,-0.02,600.64,0.03,603.56,0.51,
2026-06-12 16:06:25,P1781251585_PRLUSDTUSDT,ENTRY_PROBE,PRL/USDT:USDT,PULLBACK,0.1902234,0.18766786,0.19427697,0.19670911,,,,,0.001621,0.852,40.9,10,218.0,4.15,1.0,0.852,4.0,0.1894,-0.01,0.1891,-0.17,0.1895,0.05,
2026-06-12 16:06:27,P1781251285_BNBUSDTUSDT,ENTRY_CONFIRM,BNB/USDT:USDT,PULLBACK,602.025,600.49392857,605.55535714,607.67357143,,,,,1.412143,0.235,29.1,10,0.48,28.9,,,,,,,,,,
2026-06-12 16:17:25,P1781252245_TAOUSDTUSDT,ENTRY_PROBE,TAO/USDT:USDT,PULLBACK,212.06,210.50142857,214.52428571,216.00285714,,,,,0.985714,0.465,25.5,10,0.362,7.68,1.0,0.465,2.0,211.62,0.53,214.21,1.76,213.29,1.33,
2026-06-12 16:20:24,P1781252424_GALAUSDTUSDT,ENTRY_PROBE,GALA/USDT:USDT,PULLBACK,0.002659,0.00263886,0.00269257,0.00271271,,,,,1.3e-05,0.505,30.0,10,26697.0,7.1,1.0,0.505,4.0,0.002638,-0.08,0.002668,1.06,0.002655,0.57,
2026-06-12 16:55:22,P1781254521_RAVEUSDTUSDT,ENTRY_PROBE,RAVE/USDT:USDT,PULLBACK,0.3257,0.321125,0.333325,0.3379,,,,,0.00305,0.936,29.3,10,119.0,3.88,1.0,0.936,1.0,0.3193,-0.59,0.313,-2.55,0.3178,-1.06,
2026-06-12 17:03:23,P1781255002_ZROUSDTUSDT,ENTRY_PROBE,ZRO/USDT:USDT,BREAKOUT,0.9309,0.92297857,0.94614286,0.96138571,,,,,0.007621,0.819,30.7,10,72.1,6.71,2.0,1.637,4.0,0.9271,0.52,0.9246,0.25,0.9054,-1.83,
2026-06-12 17:34:31,P1781251585_PRLUSDTUSDT,ENTRY_CONFIRM,PRL/USDT:USDT,PULLBACK,0.19103791840354767,0.18941269,0.19509149,0.19752363,,,,,0.001621,0.849,40.9,10,451.0,8.62,,,,,,,,,,
2026-06-12 18:13:24,P1781259204_NVDAUSDTUSDT,ENTRY_PROBE,NVDA/USDT:USDT,PULLBACK,206.34,205.4625,207.8025,208.68,,,,,0.585,0.284,25.4,10,0.65,13.41,1.0,0.284,1.0,205.32,-0.15,204.62,-0.49,205.21,-0.2,
2026-06-12 20:26:37,P1781259204_NVDAUSDTUSDT,EXIT,NVDA/USDT:USDT,PULLBACK,206.34,,,,205.62000000000003,SL,0,-0.47,0.585,0.284,25.4,10,0.65,13.41,,,,,,,,,,
2026-06-12 20:32:25,P1781267545_ROBOUSDTUSDT,ENTRY_PROBE,ROBO/USDT:USDT,PULLBACK,0.02124,0.02062679,0.02224536,0.02284857,,,,,0.000402,1.893,37.1,10,969.0,2.06,1.0,1.893,1.0,0.02111,0.24,0.02128,1.04,0.02121,0.71,
2026-06-12 21:31:28,P1781252424_GALAUSDTUSDT,EXIT,GALA/USDT:USDT,PULLBACK,0.002659,,,,0.00264,SL,0,-0.51,1.3e-05,0.505,30.0,10,26697.0,7.1,,,,,,,,,,
2026-06-12 21:42:44,P1781252245_TAOUSDTUSDT,EXIT,TAO/USDT:USDT,PULLBACK,212.06,,,,210.5,SL,0,-0.56,0.985714,0.465,25.5,10,0.362,7.68,,,,,,,,,,
2026-06-12 21:42:55,P1781255002_ZROUSDTUSDT,EXIT,ZRO/USDT:USDT,BREAKOUT,0.9309,,,,0.9222808314087759,SL,0,-0.62,0.007621,0.819,30.7,10,72.1,6.71,,,,,,,,,,
2026-06-12 22:06:25,P1781273185_INXUSDTUSDT,ENTRY_PROBE,INX/USDT:USDT,PULLBACK,0.008068,0.00780904,0.00849461,0.00875057,,,,,0.000171,2.115,42.8,10,2195.0,1.77,1.0,2.115,3.0,0.007815,-1.8,0.007741,-2.73,0.007781,-2.22,
2026-06-12 22:11:27,P1781273185_INXUSDTUSDT,ENTRY_CONFIRM,INX/USDT:USDT,PULLBACK,0.008154487506006728,0.00798268,0.00858109,0.00883706,,,,,0.000171,2.093,42.8,10,4162.0,3.39,,,,,,,,,,
2026-06-12 22:36:23,P1781274983_1000SHIBUSDTUSDT,ENTRY_PROBE,1000SHIB/USDT:USDT,BREAKOUT,0.004903,0.00488107,0.00493686,0.00497071,,,,,1.7e-05,0.345,31.2,10,33729.0,16.54,2.0,0.691,2.0,0.004922,0.84,0.004862,-0.39,0.004858,-0.47,
2026-06-12 22:47:27,P1781274983_1000SHIBUSDTUSDT,EXIT,1000SHIB/USDT:USDT,BREAKOUT,0.004903,,,,0.004881,SL,0,-0.74,1.7e-05,0.345,31.2,10,33729.0,16.54,,,,,,,,,,
2026-06-12 22:53:27,P1781276006_VIRTUALUSDTUSDT,ENTRY_PROBE,VIRTUAL/USDT:USDT,BREAKOUT,0.627,0.61974286,0.63871429,0.65042857,,,,,0.005857,0.934,32.2,10,96.6,6.06,2.0,1.868,4.0,0.6156,-0.6,0.6148,-0.73,0.6111,-1.32,
2026-06-12 23:01:27,P1781276487_JUPUSDTUSDT,ENTRY_PROBE,JUP/USDT:USDT,BREAKOUT,0.1697,0.16785,0.1734,0.1771,,,,,0.00185,1.09,35.6,10,312.0,5.29,2.0,2.18,1.0,0.1703,1.43,0.1711,1.91,0.167,-0.54,
2026-06-12 23:34:02,P1781276006_VIRTUALUSDTUSDT,EXIT,VIRTUAL/USDT:USDT,BREAKOUT,0.627,,,,0.6193,SL,0,-0.74,0.005857,0.934,32.2,10,96.6,6.06,,,,,,,,,,
2026-06-12 23:36:03,P1781278563_ORCAUSDTUSDT,ENTRY_PROBE,ORCA/USDT:USDT,BREAKOUT,1.095,1.07464286,1.13371429,1.17242857,,,,,0.019357,1.768,32.8,10,30.0,3.29,2.0,3.536,1.0,1.129,0.0,1.144,1.33,1.159,2.66,
2026-06-13 00:03:03,P1781276487_JUPUSDTUSDT,EXIT,JUP/USDT:USDT,BREAKOUT,0.1697,,,,0.1679,SL,0,-0.56,0.00185,1.09,35.6,10,312.0,5.29,,,,,,,,,,
2026-06-13 00:14:26,P1781280865_SNDKUSDTUSDT,ENTRY_PROBE,SNDK/USDT:USDT,BREAKOUT,1979.85,1957.645,2026.76,2073.67,,,,,23.455,1.185,36.6,10,0.02,3.96,2.0,2.369,1.0,2086.81,0.08,2118.63,1.6,2090.06,0.23,
2026-06-13 02:21:22,P1781251585_PRLUSDTUSDT,EXIT,PRL/USDT:USDT,PULLBACK,0.19103791840354767,,,,0.1894126857142857,SL,0,-0.73,0.001621,0.849,40.9,10,451.0,8.62,,,,,,,,,,
2026-06-13 02:44:23,P1781289863_COPPERUSDTUSDT,ENTRY_PROBE,COPPER/USDT:USDT,BREAKOUT,6.531,6.511407,6.569,6.607,,,,,0.019,0.291,31.0,10,25.3,16.52,2.0,0.582,1.0,6.496,-0.22,6.502,-0.12,6.533,0.35,
2026-06-13 03:04:42,P1781267545_ROBOUSDTUSDT,ENTRY_CONFIRM,ROBO/USDT:USDT,PULLBACK,0.021442646137787055,0.02103893,0.022448,0.02305122,,,,,0.000402,1.875,37.1,10,1916.0,4.11,,,,,,,,,,
2026-06-13 07:03:02,P1781267545_ROBOUSDTUSDT,EXIT,ROBO/USDT:USDT,PULLBACK,0.021442646137787055,,,,0.02106,SL,0,-0.73,0.000402,1.875,37.1,10,1916.0,4.11,,,,,,,,,,
2026-06-13 08:12:25,P1781309544_ENSOUSDTUSDT,ENTRY_PROBE,ENSO/USDT:USDT,BREAKOUT,0.6909902,0.68504286,0.70590449,0.72081877,,,,,0.007457,1.079,36.1,10,75.7,5.23,2.0,2.158,1.0,0.6776,-1.05,0.6495,-5.15,0.6321,-7.7,
2026-06-13 08:13:17,P1781309544_ENSOUSDTUSDT,EXIT,ENSO/USDT:USDT,BREAKOUT,0.6909902,,,,0.6848,SL,0,-0.47,0.007457,1.079,36.1,10,75.7,5.23,,,,,,,,,,
2026-06-13 08:35:23,P1781273185_INXUSDTUSDT,EXIT,INX/USDT:USDT,PULLBACK,0.008154487506006728,,,,0.007958,SL,0,-0.82,0.000171,2.093,42.8,10,4162.0,3.39,,,,,,,,,,
2026-06-13 09:01:21,P1781312480_SEIUSDTUSDT,ENTRY_PROBE,SEI/USDT:USDT,BREAKOUT,0.05237,0.052015,0.05308,0.05379,,,,,0.000355,0.678,38.0,10,1579.0,8.27,2.0,1.356,5.0,,,,,,,
2026-06-13 09:04:22,P1781312661_BILLUSDTUSDT,ENTRY_PROBE,BILL/USDT:USDT,BREAKOUT,0.07438,0.07372786,0.07568429,0.07698857,,,,,0.000652,0.877,43.0,10,861.0,6.4,2.0,1.754,1.0,0.07404,0.45,0.07358,-0.18,0.07161,-2.85,
2026-06-13 09:11:22,P1781312661_BILLUSDTUSDT,EXIT,BILL/USDT:USDT,BREAKOUT,0.07438,,,,0.07371,SL,0,-0.58,0.000652,0.877,43.0,10,861.0,6.4,,,,,,,,,,
2026-06-13 09:18:20,P1781313500_PIEVERSEUSDTUSDT,ENTRY_PROBE,PIEVERSE/USDT:USDT,BREAKOUT,0.7009,0.68937143,0.72355714,0.74621429,,,,,0.011329,1.616,58.4,10,48.0,3.36,2.0,3.233,2.0,0.6817,-1.06,0.6722,-2.44,0.6642,-3.6,
2026-06-13 09:44:45,P1781237064_ASTRUSDTUSDT,EXIT,ASTR/USDT:USDT,PULLBACK,0.00595,,,,0.0057868214285714285,SL,0,-0.6,0.000107,1.795,31.8,10,3703.0,2.2,,,,,,,,,,
2026-06-13 10:00:21,P1781316021_1000LUNCUSDTUSDT,ENTRY_PROBE,1000LUNC/USDT:USDT,BREAKOUT,0.07456,0.07374,0.07606,0.07756,,,,,0.00075,1.006,34.2,10,737.0,5.5,2.0,2.012,2.0,0.07385,0.15,0.07409,0.47,0.0736,-0.19,
2026-06-13 10:44:28,P1781313500_PIEVERSEUSDTUSDT,EXIT,PIEVERSE/USDT:USDT,BREAKOUT,0.7009,,,,0.689,SL,0,-0.57,0.011329,1.616,58.4,10,48.0,3.36,,,,,,,,,,
2026-06-13 12:04:35,P1781316021_1000LUNCUSDTUSDT,EXIT,1000LUNC/USDT:USDT,BREAKOUT,0.07456,,,,0.07374,SL,0,-0.6,0.00075,1.006,34.2,10,737.0,5.5,,,,,,,,,,
2026-06-13 12:05:35,P1781323535_JCTUSDTUSDT,ENTRY_PROBE,JCT/USDT:USDT,PULLBACK,0.005482,0.00520261,0.00594932,0.00622971,,,,,0.000187,3.41,31.0,10,1880.0,1.03,1.0,3.41,1.0,0.006305,3.39,0.006405,5.03,0.006789,11.33,
2026-06-13 12:14:29,P1781251285_BNBUSDTUSDT,EXIT,BNB/USDT:USDT,PULLBACK,602.025,,,,600.48,SL,0,-0.74,1.412143,0.235,29.1,10,0.48,28.9,,,,,,,,,,
2026-06-13 12:16:46,P1781289863_COPPERUSDTUSDT,EXIT,COPPER/USDT:USDT,BREAKOUT,6.531,,,,6.51,SL,0,-0.53,0.019,0.291,31.0,10,25.3,16.52,,,,,,,,,,
2026-06-13 12:34:35,P1781323535_JCTUSDTUSDT,PARTIAL_TP1,JCT/USDT:USDT,PULLBACK,0.005482,,,,0.006051,TP1,1,0.43,0.000187,3.41,31.0,10,752.0,,,,,,,,,,,
2026-06-13 12:38:21,P1781323535_JCTUSDTUSDT,PARTIAL_TP2,JCT/USDT:USDT,PULLBACK,0.005482,,,,0.006282,TP2,2,0.45,0.000187,3.41,31.0,10,564.0,,,,,,,,,,,
2026-06-13 12:39:30,P1781323535_JCTUSDTUSDT,EXIT,JCT/USDT:USDT,PULLBACK,0.005482,,,,0.006098,TRAIL,2,1.23,0.000187,3.41,31.0,10,564.0,1.03,,,,,,,,,,
2026-06-13 12:44:21,P1781325861_EPICUSDTUSDT,ENTRY_PROBE,EPIC/USDT:USDT,PULLBACK,0.5728,0.55746786,0.59785357,0.61288571,,,,,0.010021,1.75,44.7,10,36.2,2.07,1.0,1.75,5.0,0.5627,0.9,0.5704,2.28,0.5787,3.77,
2026-06-13 12:56:02,P1781325861_EPICUSDTUSDT,EXIT,EPIC/USDT:USDT,PULLBACK,0.5728,,,,0.5577,SL,0,-0.55,0.010021,1.75,44.7,10,36.2,2.07,,,,,,,,,,
2026-06-13 13:17:22,P1781254521_RAVEUSDTUSDT,EXIT,RAVE/USDT:USDT,PULLBACK,0.3257,,,,0.3212,SL,0,-0.54,0.00305,0.936,29.3,10,119.0,3.88,,,,,,,,,,
2026-06-13 13:32:21,P1781328741_JCTUSDTUSDT,ENTRY_PROBE,JCT/USDT:USDT,BREAKOUT,0.006355,0.00604629,0.00697843,0.00760186,,,,,0.000312,4.905,33.5,10,1753.0,1.11,2.0,9.81,3.0,0.006862,-7.93,0.007024,-5.76,0.006704,-10.05,
2026-06-13 13:55:22,P1781330121_MEGAUSDTUSDT,ENTRY_PROBE,MEGA/USDT:USDT,BREAKOUT,0.05058,0.04983143,0.05219714,0.05381429,,,,,0.000809,1.599,31.8,10,677.0,3.42,2.0,3.197,2.0,,,,,,,
2026-06-13 14:00:22,P1781330421_NOTUSDTUSDT,ENTRY_PROBE,NOT/USDT:USDT,BREAKOUT,0.0004797,0.00047033,0.00049804,0.00051639,,,,,9e-06,1.912,44.8,10,60633.0,2.91,2.0,3.824,1.0,0.0004843,2.95,0.0004887,3.89,0.0005113,8.69,
2026-06-13 14:40:33,P1781330421_NOTUSDTUSDT,EXIT,NOT/USDT:USDT,BREAKOUT,0.0004797,,,,0.0004704,SL,0,-0.56,9e-06,1.912,44.8,10,60633.0,2.91,,,,,,,,,,
2026-06-13 14:43:56,P1781328741_JCTUSDTUSDT,PARTIAL_TP1,JCT/USDT:USDT,BREAKOUT,0.006355,,,,0.00698,TP1,1,0.44,0.000312,4.905,33.5,10,701.0,,,,,,,,,,,
2026-06-13 14:49:21,P1781333361_NOKUSDTUSDT,ENTRY_PROBE,NOK/USDT:USDT,BREAKOUT,14.87,14.82071429,14.96857143,15.06714286,,,,,0.049286,0.331,35.4,10,5.82,8.65,2.0,0.663,1.0,14.84,0.13,14.83,0.07,14.92,0.67,
2026-06-13 15:18:22,P1781335101_MOVRUSDTUSDT,ENTRY_PROBE,MOVR/USDT:USDT,PULLBACK,1.331,1.30867857,1.36653571,1.38785714,,,,,0.014214,1.068,37.0,10,27.14,3.61,1.0,1.068,4.0,1.325,0.0,1.338,0.98,1.338,0.98,
2026-06-13 15:49:35,P1781335101_MOVRUSDTUSDT,ENTRY_CONFIRM,MOVR/USDT:USDT,PULLBACK,1.338369259606373,1.32389286,1.37390497,1.3952264,,,,,0.014214,1.062,37.0,10,53.35,7.14,,,,,,,,,,
2026-06-13 16:41:22,P1781340081_AIXBTUSDTUSDT,ENTRY_PROBE,AIXBT/USDT:USDT,BREAKOUT,0.0248,0.02454857,0.02542286,0.02604571,,,,,0.000311,1.256,34.1,10,1825.0,4.53,2.0,2.512,3.0,0.02426,-0.61,0.02406,-1.43,0.02393,-1.97,
2026-06-13 16:48:44,P1781340081_AIXBTUSDTUSDT,EXIT,AIXBT/USDT:USDT,BREAKOUT,0.0248,,,,0.02441,SL,0,-0.71,0.000311,1.256,34.1,10,1825.0,4.53,,,,,,,,,,
2026-06-13 17:00:22,P1781341222_ICPUSDTUSDT,ENTRY_PROBE,ICP/USDT:USDT,BREAKOUT,2.441684,2.41235714,2.49896971,2.55625543,,,,,0.028643,1.173,31.7,10,19.0,4.64,2.0,2.346,3.0,2.45,1.58,2.442,1.24,2.47,2.4,
2026-06-13 17:16:02,P1781341222_ICPUSDTUSDT,EXIT,ICP/USDT:USDT,BREAKOUT,2.441684,,,,2.412,SL,0,-0.56,0.028643,1.173,31.7,10,19.0,4.64,,,,,,,,,,
2026-06-13 17:18:27,P1781342307_BABYUSDTUSDT,ENTRY_PROBE,BABY/USDT:USDT,BREAKOUT,0.01456,0.01435429,0.01483143,0.01510286,,,,,0.000136,0.932,33.8,10,4124.0,6.0,2.0,1.864,1.0,0.01409,-1.74,0.01385,-3.42,0.01423,-0.77,
2026-06-13 17:20:16,P1781328741_JCTUSDTUSDT,PARTIAL_TP2,JCT/USDT:USDT,BREAKOUT,0.006355,,,,0.007709,TP2,2,0.71,0.000312,4.905,33.5,10,525.0,,,,,,,,,,,
2026-06-13 17:23:40,P1781342307_BABYUSDTUSDT,EXIT,BABY/USDT:USDT,BREAKOUT,0.01456,,,,0.01434,SL,0,-0.91,0.000136,0.932,33.8,10,4124.0,6.0,,,,,,,,,,
2026-06-13 17:24:21,P1781333361_NOKUSDTUSDT,EXIT,NOK/USDT:USDT,BREAKOUT,14.87,,,,14.82,SL,0,-0.29,0.049286,0.331,35.4,10,5.82,8.65,,,,,,,,,,
2026-06-13 18:14:22,P1781345662_1000SHIBUSDTUSDT,ENTRY_PROBE,1000SHIB/USDT:USDT,BREAKOUT,0.005001,0.00498086,0.00504129,0.00508157,,,,,2e-05,0.403,33.1,10,27021.0,13.51,2.0,0.806,4.0,0.004981,0.0,0.005055,1.49,0.004976,-0.1,
2026-06-13 18:18:21,P1781345901_VVVUSDTUSDT,ENTRY_PROBE,VVV/USDT:USDT,BREAKOUT,17.16,16.74385714,17.99228571,18.82457143,,,,,0.416143,2.425,33.0,10,1.3,2.23,2.0,4.85,1.0,16.44,-1.72,16.895,1.0,16.578,-0.9,
2026-06-13 18:32:05,P1781335101_MOVRUSDTUSDT,EXIT,MOVR/USDT:USDT,PULLBACK,1.338369259606373,,,,1.325,SL,0,-0.71,0.014214,1.062,37.0,10,53.35,7.14,,,,,,,,,,
2026-06-13 18:34:22,P1781346861_BASEDUSDTUSDT,ENTRY_PROBE,BASED/USDT:USDT,PULLBACK,0.07065,0.06928893,0.07300179,0.07441286,,,,,0.000941,1.332,25.6,10,384.0,2.71,1.0,1.332,1.0,0.06935,0.12,0.06956,0.42,0.07067,2.02,
2026-06-13 18:55:29,P1781345662_1000SHIBUSDTUSDT,EXIT,1000SHIB/USDT:USDT,BREAKOUT,0.005001,,,,0.004981,SL,0,-0.54,2e-05,0.403,33.1,10,27021.0,13.51,,,,,,,,,,
2026-06-13 19:08:23,P1781348902_OPENUSDTUSDT,ENTRY_PROBE,OPEN/USDT:USDT,BREAKOUT,0.2494,0.24354286,0.26071429,0.27202857,,,,,0.005657,2.268,31.0,10,94.0,2.34,2.0,4.537,4.0,0.2455,0.82,0.2415,-0.82,0.2397,-1.56,
2026-06-13 19:17:31,P1781348902_OPENUSDTUSDT,EXIT,OPEN/USDT:USDT,BREAKOUT,0.2494,,,,0.2435,SL,0,-0.55,0.005657,2.268,31.0,10,94.0,2.34,,,,,,,,,,
2026-06-13 19:37:21,P1781350641_JUPUSDTUSDT,ENTRY_PROBE,JUP/USDT:USDT,BREAKOUT,0.1738,0.17227143,0.17685714,0.17991429,,,,,0.001529,0.88,33.3,10,351.0,6.1,2.0,1.759,1.0,0.1724,0.12,0.173,0.46,0.1728,0.35,
2026-06-13 19:42:16,P1781328741_JCTUSDTUSDT,EXIT,JCT/USDT:USDT,BREAKOUT,0.006355,,,,0.007453,TRAIL,2,1.73,0.000312,4.905,33.5,10,527.0,1.11,,,,,,,,,,
2026-06-13 20:02:23,P1781352143_BABYUSDTUSDT,ENTRY_PROBE,BABY/USDT:USDT,PULLBACK,0.01403,0.01379964,0.01441393,0.01464429,,,,,0.000154,1.095,34.3,10,2284.0,3.2,1.0,1.095,5.0,0.01395,0.0,0.01408,0.93,0.0143,2.51,
2026-06-13 21:06:37,P1781352143_BABYUSDTUSDT,ENTRY_CONFIRM,BABY/USDT:USDT,PULLBACK,0.014112312556458898,0.01395321,0.01449624,0.0147266,,,,,0.000154,1.088,34.3,10,4428.0,6.25,,,,,,,,,,
2026-06-13 21:32:54,P1781346861_BASEDUSDTUSDT,EXIT,BASED/USDT:USDT,PULLBACK,0.07065,,,,0.06926919270833333,SL,0,-0.53,0.000941,1.332,25.6,10,384.0,2.71,,,,,,,,,,
2026-06-13 21:39:51,P1781350641_JUPUSDTUSDT,EXIT,JUP/USDT:USDT,BREAKOUT,0.1738,,,,0.1722,SL,0,-0.56,0.001529,0.88,33.3,10,351.0,6.1,,,,,,,,,,
2026-06-13 21:47:20,P1781358440_OPGUSDTUSDT,ENTRY_PROBE,OPG/USDT:USDT,BREAKOUT,0.1744,0.17061429,0.18177143,0.18914286,,,,,0.003686,2.113,31.3,10,139.0,2.42,2.0,4.227,3.0,0.1705,0.06,0.1753,2.88,0.1764,3.52,
2026-06-13 22:13:56,P1781345901_VVVUSDTUSDT,EXIT,VVV/USDT:USDT,BREAKOUT,17.16,,,,16.728,SL,0,-0.56,0.416143,2.425,33.0,10,1.3,2.23,,,,,,,,,,
2026-06-13 22:21:43,P1781352143_BABYUSDTUSDT,EXIT,BABY/USDT:USDT,PULLBACK,0.014112312556458898,,,,0.01395,SL,0,-0.72,0.000154,1.088,34.3,10,4428.0,6.25,,,,,,,,,,
2026-06-13 22:50:20,P1781362219_INJUSDTUSDT,ENTRY_PROBE,INJ/USDT:USDT,PULLBACK,5.291,5.19089286,5.45617857,5.55528571,,,,,0.066071,1.249,26.0,10,5.1,2.7,1.0,1.249,1.0,5.203,0.21,5.212,0.39,5.159,-0.64,
2026-06-13 22:55:20,P1781362520_ARMUSDTUSDT,ENTRY_PROBE,ARM/USDT:USDT,BREAKOUT,384.12,383.05737,386.33714286,388.55428571,,,,,1.108571,0.289,53.3,10,0.44,16.9,2.0,0.577,1.0,383.55,0.13,383.07,0.0,385.1,0.53,
2026-06-13 23:00:21,P1781362821_ICPUSDTUSDT,ENTRY_PROBE,ICP/USDT:USDT,BREAKOUT,2.502,2.48178571,2.54442857,2.58685714,,,,,0.021214,0.848,41.8,10,23.0,5.75,2.0,1.696,1.0,2.481,-0.08,2.487,0.16,2.427,-2.26,
2026-06-13 23:44:01,P1781358440_OPGUSDTUSDT,EXIT,OPG/USDT:USDT,BREAKOUT,0.1744,,,,0.1704,SL,0,-0.56,0.003686,2.113,31.3,10,139.0,2.42,,,,,,,,,,
2026-06-14 00:06:29,P1781362520_ARMUSDTUSDT,EXIT,ARM/USDT:USDT,BREAKOUT,384.12,,,,383.06,SL,0,-0.47,1.108571,0.289,53.3,10,0.44,16.9,,,,,,,,,,
2026-06-14 00:19:22,P1781367562_SQDUSDTUSDT,ENTRY_PROBE,SQD/USDT:USDT,BREAKOUT,0.04307,0.04222786,0.04477429,0.04647857,,,,,0.000852,1.979,40.6,10,583.0,2.51,2.0,3.957,1.0,0.04236,0.43,0.04149,-1.64,0.0413,-2.09,
2026-06-14 00:23:28,P1781362219_INJUSDTUSDT,EXIT,INJ/USDT:USDT,PULLBACK,5.291,,,,5.192,SL,0,-0.5,0.066071,1.249,26.0,10,5.1,2.7,,,,,,,,,,
2026-06-14 00:43:34,P1781367562_SQDUSDTUSDT,EXIT,SQD/USDT:USDT,BREAKOUT,0.04307,,,,0.04218000000000001,SL,0,-0.52,0.000852,1.979,40.6,10,583.0,2.51,,,,,,,,,,
2026-06-14 01:22:06,P1781371325_AIXBTUSDTUSDT,ENTRY_PROBE,AIXBT/USDT:USDT,BREAKOUT,0.02466,0.02437071,0.02513857,0.02561714,,,,,0.000239,0.97,37.0,10,2077.0,5.12,2.0,1.941,1.0,0.02448,0.49,0.02403,-1.35,0.02444,0.33,
2026-06-14 01:31:22,P1781371881_FETUSDTUSDT,ENTRY_PROBE,FET/USDT:USDT,BREAKOUT,0.2083,0.20507857,0.21514286,0.22198571,,,,,0.003421,1.643,31.4,10,143.0,2.98,2.0,3.285,4.0,0.2048,-0.19,0.208,1.36,0.2089,1.8,
2026-06-14 01:44:21,P1781372661_MSTRUSDTUSDT,ENTRY_PROBE,MSTR/USDT:USDT,BREAKOUT,126.1595238,125.70642857,127.10666666,128.05380951,,,,,0.473571,0.375,41.3,10,1.05,13.25,2.0,0.751,1.0,125.86,0.13,125.83,0.1,127.41,1.36,
2026-06-14 01:50:04,P1781372661_MSTRUSDTUSDT,EXIT,MSTR/USDT:USDT,BREAKOUT,126.1595238,,,,125.7,SL,0,-0.48,0.473571,0.375,41.3,10,1.05,13.25,,,,,,,,,,
2026-06-14 01:53:21,P1781373201_ASTERUSDTUSDT,ENTRY_PROBE,ASTER/USDT:USDT,PULLBACK,0.6375,0.63445357,0.64241071,0.64535714,,,,,0.001964,0.308,28.2,10,164.0,10.46,1.0,0.308,2.0,0.6371,0.08,0.6366,0.0,0.6339,-0.42,
2026-06-14 01:55:45,P1781371325_AIXBTUSDTUSDT,EXIT,AIXBT/USDT:USDT,BREAKOUT,0.02466,,,,0.02436,SL,0,-0.62,0.000239,0.97,37.0,10,2077.0,5.12,,,,,,,,,,
2026-06-14 02:07:32,P1781373201_ASTERUSDTUSDT,ENTRY_CONFIRM,ASTER/USDT:USDT,PULLBACK,0.6384907692307692,0.63651786,0.64340148,0.64634791,,,,,0.001964,0.308,28.2,10,325.0,20.75,,,,,,,,,,
2026-06-14 02:26:24,P1781375184_SUIUSDTUSDT,ENTRY_PROBE,SUI/USDT:USDT,BREAKOUT,0.7699,0.76531429,0.77847143,0.78704286,,,,,0.004286,0.557,30.3,10,112.1,8.63,2.0,1.113,3.0,0.7659,0.08,0.7679,0.34,0.7668,0.2,
2026-06-14 02:35:08,P1781371881_FETUSDTUSDT,EXIT,FET/USDT:USDT,BREAKOUT,0.2083,,,,0.2052,SL,0,-0.44,0.003421,1.643,31.4,10,143.0,2.98,,,,,,,,,,
2026-06-14 02:50:24,P1781375184_SUIUSDTUSDT,EXIT,SUI/USDT:USDT,BREAKOUT,0.7699,,,,0.7653,SL,0,-0.52,0.004286,0.557,30.3,10,112.1,8.63,,,,,,,,,,
2026-06-14 03:15:21,P1781378120_ZBTUSDTUSDT,ENTRY_PROBE,ZBT/USDT:USDT,PULLBACK,0.11896,0.11642321,0.12320464,0.12575143,,,,,0.001698,1.427,25.7,10,190.0,2.26,1.0,1.427,1.0,0.11553,-0.53,0.11652,0.33,0.11587,-0.23,
2026-06-14 03:36:21,P1781379381_FILUSDTUSDT,ENTRY_PROBE,FIL/USDT:USDT,BREAKOUT,0.791,0.78435714,0.80228571,0.81357143,,,,,0.005643,0.713,33.7,10,86.7,6.86,2.0,1.427,3.0,0.786,0.26,0.782,-0.26,0.781,-0.38,
2026-06-14 04:25:06,P1781379381_FILUSDTUSDT,EXIT,FIL/USDT:USDT,BREAKOUT,0.791,,,,0.784,SL,0,-0.61,0.005643,0.713,33.7,10,86.7,6.86,,,,,,,,,,
2026-06-14 05:14:53,P1781385292_1000LUNCUSDTUSDT,ENTRY_PROBE,1000LUNC/USDT:USDT,PULLBACK,0.07346,0.07283179,0.07454036,0.07518857,,,,,0.000432,0.588,30.5,10,730.0,5.36,1.0,0.588,5.0,0.07311,0.29,0.07259,-0.43,0.07192,-1.34,
2026-06-14 05:20:21,P1781378120_ZBTUSDTUSDT,EXIT,ZBT/USDT:USDT,PULLBACK,0.11896,,,,0.11614,SL,0,-0.54,0.001698,1.427,25.7,10,190.0,2.26,,,,,,,,,,
2026-06-14 05:38:19,P1781386698_WLDUSDTUSDT,ENTRY_PROBE,WLD/USDT:USDT,BREAKOUT,0.5011,0.49227857,0.51874286,0.53638571,,,,,0.008821,1.76,31.1,10,54.0,2.71,2.0,3.521,1.0,0.4907,0.04,0.4911,0.12,0.512,4.38,
2026-06-14 08:07:47,P1781362821_ICPUSDTUSDT,EXIT,ICP/USDT:USDT,BREAKOUT,2.502,,,,2.483,SL,0,-0.44,0.021214,0.848,41.8,10,23.0,5.75,,,,,,,,,,
2026-06-14 09:25:19,P1781400319_BABYUSDTUSDT,ENTRY_PROBE,BABY/USDT:USDT,BREAKOUT,0.01504,0.01486643,0.01536714,0.01569429,,,,,0.000164,1.088,41.3,10,2905.0,4.37,2.0,2.175,4.0,0.01486,-0.13,0.01509,1.41,0.0152,2.15,
2026-06-14 09:33:41,P1781373201_ASTERUSDTUSDT,EXIT,ASTER/USDT:USDT,PULLBACK,0.6384907692307692,,,,0.6366,SL,0,-0.61,0.001964,0.308,28.2,10,325.0,20.75,,,,,,,,,,
2026-06-14 09:43:19,P1781401399_1000SHIBUSDTUSDT,ENTRY_PROBE,1000SHIB/USDT:USDT,BREAKOUT,0.005021,0.00500494,0.00505014,0.00507929,,,,,1.5e-05,0.29,41.0,10,31528.0,15.83,2.0,0.58,5.0,0.005011,0.06,0.00502,0.24,0.005008,0.0,
2026-06-14 09:44:56,P1781385292_1000LUNCUSDTUSDT,EXIT,1000LUNC/USDT:USDT,PULLBACK,0.07346,,,,0.0729,SL,0,-0.41,0.000432,0.588,30.5,10,730.0,5.36,,,,,,,,,,
2026-06-14 10:03:20,P1781402600_OPENUSDTUSDT,ENTRY_PROBE,OPEN/USDT:USDT,BREAKOUT,0.2444,0.24295,0.2481,0.2518,,,,,0.00185,0.757,36.7,10,257.0,6.28,2.0,1.514,2.0,0.2443,0.45,0.2477,1.85,0.2575,5.88,
2026-06-14 11:01:04,P1781401399_1000SHIBUSDTUSDT,EXIT,1000SHIB/USDT:USDT,BREAKOUT,0.005021,,,,0.005008,SL,0,-0.41,1.5e-05,0.29,41.0,10,31528.0,15.83,,,,,,,,,,
2026-06-14 11:03:19,P1781406199_FETUSDTUSDT,ENTRY_PROBE,FET/USDT:USDT,BREAKOUT,0.2106,0.20885714,0.21408571,0.21757143,,,,,0.001743,0.828,47.0,10,272.0,5.73,2.0,1.655,3.0,0.2094,0.29,0.2095,0.34,0.213,2.01,
2026-06-14 11:03:51,P1781400319_BABYUSDTUSDT,EXIT,BABY/USDT:USDT,BREAKOUT,0.01504,,,,0.01488,SL,0,-0.46,0.000164,1.088,41.3,10,2905.0,4.37,,,,,,,,,,
2026-06-14 11:39:19,P1781408359_TRUMPUSDTUSDT,ENTRY_PROBE,TRUMP/USDT:USDT,PULLBACK,2.104,2.05107143,2.19221429,2.24514286,,,,,0.035286,1.677,28.8,10,8.81,1.85,1.0,1.677,5.0,2.05,-1.77,2.051,-1.72,2.058,-1.39,
2026-06-14 12:13:52,P1781408359_TRUMPUSDTUSDT,ENTRY_CONFIRM,TRUMP/USDT:USDT,PULLBACK,2.1212990815154993,2.08635714,2.20951337,2.26244194,,,,,0.035286,1.663,28.8,10,17.42,3.7,,,,,,,,,,
2026-06-14 12:37:30,P1781386698_WLDUSDTUSDT,EXIT,WLD/USDT:USDT,BREAKOUT,0.5011,,,,0.4905,SL,0,-0.57,0.008821,1.76,31.1,10,54.0,2.71,,,,,,,,,,
2026-06-14 12:43:27,P1781406199_FETUSDTUSDT,EXIT,FET/USDT:USDT,BREAKOUT,0.2106,,,,0.2088,SL,0,-0.49,0.001743,0.828,47.0,10,272.0,5.73,,,,,,,,,,
2026-06-14 12:45:52,P1781408359_TRUMPUSDTUSDT,EXIT,TRUMP/USDT:USDT,PULLBACK,2.1212990815154993,,,,2.087,SL,0,-0.6,0.035286,1.663,28.8,10,17.42,3.7,,,,,,,,,,
2026-06-14 13:11:19,P1781413879_KAITOUSDTUSDT,ENTRY_PROBE,KAITO/USDT:USDT,BREAKOUT,0.469,0.45907857,0.49004286,0.51108571,,,,,0.010521,2.243,62.2,10,41.6,1.95,2.0,4.487,2.0,0.4643,1.29,0.4666,1.79,0.452,-1.4,
2026-06-14 13:33:57,P1781402600_OPENUSDTUSDT,EXIT,OPEN/USDT:USDT,BREAKOUT,0.2444,,,,0.2432,SL,0,-0.31,0.00185,0.757,36.7,10,257.0,6.28,,,,,,,,,,
2026-06-14 13:59:21,P1781416760_ALGOUSDTUSDT,ENTRY_PROBE,ALGO/USDT:USDT,BREAKOUT,0.0926,0.09147857,0.09484286,0.09708571,,,,,0.001121,1.211,30.8,10,394.4,3.65,2.0,2.422,1.0,0.0912,-0.22,0.0911,-0.33,0.0917,0.33,
2026-06-14 14:01:26,P1781413879_KAITOUSDTUSDT,EXIT,KAITO/USDT:USDT,BREAKOUT,0.469,,,,0.4584,SL,0,-0.44,0.010521,2.243,62.2,10,41.6,1.95,,,,,,,,,,
2026-06-14 14:05:17,P1781417117_ICPUSDTUSDT,ENTRY_PROBE,ICP/USDT:USDT,PULLBACK,2.42,2.37403571,2.49660714,2.54257143,,,,,0.030643,1.266,50.8,10,9.0,2.18,1.0,1.266,1.0,2.41,0.21,2.439,1.41,2.419,0.58,
2026-06-14 14:10:19,P1781417419_NEARUSDTUSDT,ENTRY_PROBE,NEAR/USDT:USDT,BREAKOUT,2.138,2.11964286,2.17271429,2.20742857,,,,,0.017357,0.812,42.7,10,25.0,5.34,2.0,1.624,2.0,2.1,-0.9,2.099,-0.94,2.119,0.0,
2026-06-14 14:10:21,P1781417420_APTUSDTUSDT,ENTRY_PROBE,APT/USDT:USDT,PULLBACK,0.6672,0.66276071,0.67443214,0.67877143,,,,,0.002893,0.434,33.1,10,102.2,6.82,1.0,0.434,3.0,0.6609,-0.27,0.6613,-0.21,0.6653,0.39,
2026-06-14 14:21:38,P1781416760_ALGOUSDTUSDT,EXIT,ALGO/USDT:USDT,BREAKOUT,0.0926,,,,0.0914,SL,0,-0.47,0.001121,1.211,30.8,10,394.4,3.65,,,,,,,,,,
2026-06-14 14:26:18,P1781418377_AXLUSDTUSDT,ENTRY_PROBE,AXL/USDT:USDT,PULLBACK,0.04594,0.04519143,0.04735429,0.04820286,,,,,0.000566,1.231,41.8,10,506.9,2.33,1.0,1.231,1.0,0.04501,-0.22,0.04529,0.4,0.04524,0.29,
2026-06-14 14:31:34,P1781417420_APTUSDTUSDT,EXIT,APT/USDT:USDT,PULLBACK,0.6672,,,,0.6627000000000001,SL,0,-0.46,0.002893,0.434,33.1,10,102.2,6.82,,,,,,,,,,
2026-06-14 14:31:45,P1781417419_NEARUSDTUSDT,EXIT,NEAR/USDT:USDT,BREAKOUT,2.138,,,,2.119,SL,0,-0.47,0.017357,0.812,42.7,10,25.0,5.34,,,,,,,,,,
2026-06-14 14:57:21,P1781420241_PENDLEUSDTUSDT,ENTRY_PROBE,PENDLE/USDT:USDT,BREAKOUT,1.3439091,1.33600714,1.35929481,1.37468053,,,,,0.007693,0.572,38.2,10,55.0,7.39,2.0,1.145,5.0,1.3305,-0.75,1.3375,-0.22,1.3051,-2.64,
2026-06-14 15:07:21,P1781420841_BIOUSDTUSDT,ENTRY_PROBE,BIO/USDT:USDT,PULLBACK,0.0319,0.03153036,0.03251607,0.03288571,,,,,0.000246,0.773,37.4,10,1147.0,3.66,1.0,0.773,1.0,0.03149,-0.19,0.03136,-0.6,0.03118,-1.17,
2026-06-14 15:48:12,P1781417117_ICPUSDTUSDT,ENTRY_CONFIRM,ICP/USDT:USDT,PULLBACK,2.436,2.40467857,2.51260714,2.55857143,,,,,0.030643,1.258,50.8,10,18.0,4.38,,,,,,,,,,
2026-06-14 17:14:07,P1781420241_PENDLEUSDTUSDT,EXIT,PENDLE/USDT:USDT,BREAKOUT,1.3439091,,,,1.3405,SL,0,-0.19,0.007693,0.572,38.2,10,55.0,7.39,,,,,,,,,,
2026-06-14 17:37:22,P1781429841_SLXUSDTUSDT,ENTRY_PROBE,SLX/USDT:USDT,BREAKOUT,0.2007322,0.197285,0.2073822,0.2140322,,,,,0.003325,1.656,37.7,10,135.0,2.71,2.0,3.313,5.0,0.198,0.39,0.19511,-1.07,0.2034,3.13,
2026-06-14 17:54:38,P1781429841_SLXUSDTUSDT,EXIT,SLX/USDT:USDT,BREAKOUT,0.2007322,,,,0.19723,SL,0,-0.47,0.003325,1.656,37.7,10,135.0,2.71,,,,,,,,,,
2026-06-14 17:58:20,P1781431099_IPUSDTUSDT,ENTRY_PROBE,IP/USDT:USDT,PULLBACK,0.2949,0.29136429,0.30079286,0.30432857,,,,,0.002357,0.799,26.4,10,124.5,3.67,1.0,0.799,2.0,0.2897,-0.58,0.2876,-1.3,0.2889,-0.86,
2026-06-14 20:32:44,P1781431099_IPUSDTUSDT,EXIT,IP/USDT:USDT,PULLBACK,0.2949,,,,0.2914,SL,0,-0.44,0.002357,0.799,26.4,10,124.5,3.67,,,,,,,,,,
2026-06-14 20:51:19,P1781420841_BIOUSDTUSDT,EXIT,BIO/USDT:USDT,PULLBACK,0.0319,,,,0.03155,SL,0,-0.4,0.000246,0.773,37.4,10,1147.0,3.66,,,,,,,,,,
2026-06-14 21:10:46,P1781417117_ICPUSDTUSDT,EXIT,ICP/USDT:USDT,PULLBACK,2.436,,,,2.405,SL,0,-0.56,0.030643,1.258,50.8,10,18.0,4.38,,,,,,,,,,
2026-06-14 21:25:20,P1781443520_MEMEUSDTUSDT,ENTRY_PROBE,MEME/USDT:USDT,BREAKOUT,0.0006362,0.0006261,0.0006554,0.0006746,,,,,1e-05,1.509,45.9,10,43679.0,2.78,2.0,3.018,4.0,0.000621,-0.96,0.000623,-0.64,0.0006324,0.86,
2026-06-14 21:31:57,P1781443520_MEMEUSDTUSDT,EXIT,MEME/USDT:USDT,BREAKOUT,0.0006362,,,,0.0006270140273357907,SL,0,-0.4,1e-05,1.509,45.9,10,43679.0,2.78,,,,,,,,,,
2026-06-14 21:33:21,P1781444000_VVVUSDTUSDT,ENTRY_PROBE,VVV/USDT:USDT,PULLBACK,15.935,15.65182143,16.41696429,16.70614286,,,,,0.192786,1.21,27.7,10,1.41,2.25,1.0,1.21,1.0,15.675,-1.02,16.223,2.44,15.984,0.93,
2026-06-14 21:49:21,P1781444000_VVVUSDTUSDT,ENTRY_CONFIRM,VVV/USDT:USDT,PULLBACK,16.036397849462368,15.83860714,16.51836214,16.80754071,,,,,0.192786,1.202,27.7,10,2.79,4.47,,,,,,,,,,
2026-06-14 22:18:20,P1781446700_JASMYUSDTUSDT,ENTRY_PROBE,JASMY/USDT:USDT,BREAKOUT,0.00536,0.00529879,0.00547843,0.00559686,,,,,5.9e-05,1.105,39.9,10,6890.0,3.69,2.0,2.209,1.0,0.005292,-0.04,0.005162,-2.49,0.005256,-0.72,
2026-06-14 22:23:19,P1781446999_LTCUSDTUSDT,ENTRY_PROBE,LTC/USDT:USDT,PULLBACK,44.04,43.89428571,44.28285714,44.42857143,,,,,0.097143,0.221,28.6,10,2.809,12.37,1.0,0.221,1.0,43.75,-0.3,43.99,0.25,43.95,0.16,
2026-06-14 22:24:56,P1781444000_VVVUSDTUSDT,EXIT,VVV/USDT:USDT,PULLBACK,16.036397849462368,,,,15.836215053763443,SL,0,-0.56,0.192786,1.202,27.7,10,2.79,4.47,,,,,,,,,,
2026-06-14 22:30:49,P1781446999_LTCUSDTUSDT,EXIT,LTC/USDT:USDT,PULLBACK,44.04,,,,43.88,SL,0,-0.45,0.097143,0.221,28.6,10,2.809,12.37,,,,,,,,,,
2026-06-14 22:31:01,P1781418377_AXLUSDTUSDT,EXIT,AXL/USDT:USDT,PULLBACK,0.04594,,,,0.04511,SL,0,-0.42,0.000566,1.231,41.8,10,506.9,2.33,,,,,,,,,,
2026-06-14 22:41:52,P1781446700_JASMYUSDTUSDT,EXIT,JASMY/USDT:USDT,BREAKOUT,0.00536,,,,0.005294,SL,0,-0.45,5.9e-05,1.105,39.9,10,6890.0,3.69,,,,,,,,,,
2026-06-14 23:00:20,P1781449220_BABYUSDTUSDT,ENTRY_PROBE,BABY/USDT:USDT,BREAKOUT,0.0155,0.01526286,0.01593429,0.01636857,,,,,0.000217,1.401,42.7,10,1793.0,2.78,2.0,2.802,5.0,0.01539,0.92,0.0155,1.64,0.01655,8.52,
2026-06-14 23:01:20,P1781449280_CHIPUSDTUSDT,ENTRY_PROBE,CHIP/USDT:USDT,BREAKOUT,0.03626,0.03565643,0.03730714,0.03835429,,,,,0.000524,1.444,43.0,10,746.0,2.7,2.0,2.888,1.0,0.03524,-1.09,0.03649,2.41,0.03547,-0.45,
2026-06-14 23:04:21,P1781449280_CHIPUSDTUSDT,EXIT,CHIP/USDT:USDT,BREAKOUT,0.03626,,,,0.03563,SL,0,-0.47,0.000524,1.444,43.0,10,746.0,2.7,,,,,,,,,,
2026-06-14 23:11:21,P1781449880_PYTHUSDTUSDT,ENTRY_PROBE,PYTH/USDT:USDT,BREAKOUT,0.0396,0.03906429,0.04055143,0.04150286,,,,,0.000476,1.201,39.0,10,812.0,3.22,2.0,2.403,4.0,0.03891,-0.54,0.03922,0.26,0.0379,-3.12,
2026-06-14 23:19:58,P1781449220_BABYUSDTUSDT,EXIT,BABY/USDT:USDT,BREAKOUT,0.0155,,,,0.015250000000000001,SL,0,-0.45,0.000217,1.401,42.7,10,1793.0,2.78,,,,,,,,,,
2026-06-14 23:25:23,P1781449880_PYTHUSDTUSDT,EXIT,PYTH/USDT:USDT,BREAKOUT,0.0396,,,,0.039119999999999995,SL,0,-0.39,0.000476,1.201,39.0,10,812.0,3.22,,,,,,,,,,
2026-06-14 23:57:20,P1781452640_IRYSUSDTUSDT,ENTRY_PROBE,IRYS/USDT:USDT,PULLBACK,0.01804,0.01769821,0.01860964,0.01895143,,,,,0.000228,1.263,49.5,10,1118.0,2.02,1.0,1.263,4.0,0.01862,0.43,0.01882,1.51,0.01878,1.29,
2026-06-14 23:58:20,P1781452700_RENDERUSDTUSDT,ENTRY_PROBE,RENDER/USDT:USDT,PULLBACK,1.73,1.70992857,1.76178571,1.78085714,,,,,0.012714,0.735,27.7,10,20.0,3.46,1.0,0.735,1.0,,,,,,,
2026-06-15 00:04:18,P1781453058_OPENUSDTUSDT,ENTRY_PROBE,OPEN/USDT:USDT,PULLBACK,0.2378,0.23193929,0.24806786,0.25422857,,,,,0.004107,1.727,40.3,10,62.0,1.47,1.0,1.727,3.0,0.2371,-0.29,0.2407,1.22,0.2289,-3.74,
2026-06-15 00:11:21,P1781453480_INTCUSDTUSDT,ENTRY_PROBE,INTC/USDT:USDT,BREAKOUT,127.9656,127.55618,128.70417143,129.44274286,,,,,0.369286,0.289,45.2,10,1.0,12.8,2.0,0.577,5.0,128.18,0.15,128.9,0.71,128.08,0.07,
2026-06-15 00:23:37,P1781453058_OPENUSDTUSDT,ENTRY_CONFIRM,OPEN/USDT:USDT,PULLBACK,0.23989999999999997,0.23574643,0.25016786,0.25632857,,,,,0.004107,1.712,40.3,10,124.0,2.97,,,,,,,,,,
2026-06-15 00:43:42,P1781452700_RENDERUSDTUSDT,ENTRY_CONFIRM,RENDER/USDT:USDT,PULLBACK,1.737069306930693,1.72364286,1.76885502,1.78792645,,,,,0.012714,0.732,27.7,10,40.4,7.02,,,,,,,,,,
2026-06-15 05:22:26,P1781452640_IRYSUSDTUSDT,ENTRY_CONFIRM,IRYS/USDT:USDT,PULLBACK,0.018156525031552375,0.01792607,0.01872617,0.01906795,,,,,0.000228,1.255,49.5,10,2377.0,4.32,,,,,,,,,,
2026-06-15 18:34:18,P1781453058_OPENUSDTUSDT,EXIT,OPEN/USDT:USDT,PULLBACK,0.23989999999999997,,,,0.2378,SL,0,-0.26,0.004107,1.712,40.3,10,124.0,2.97,,,,,,,,,,
2026-06-15 18:34:33,P1781453480_INTCUSDTUSDT,EXIT,INTC/USDT:USDT,BREAKOUT,127.9656,,,,127.99,SL,0,0.02,0.369286,0.289,45.2,10,1.0,12.8,,,,,,,,,,
2026-06-15 18:35:00,P1781452640_IRYSUSDTUSDT,EXIT,IRYS/USDT:USDT,PULLBACK,0.018156525031552375,,,,0.01854,SL,0,0.91,0.000228,1.255,49.5,10,2377.0,4.32,,,,,,,,,,
2026-06-15 18:35:19,P1781519719_JTOUSDTUSDT,ENTRY_PROBE,JTO/USDT:USDT,BREAKOUT,0.6248,0.61518571,0.64442857,0.66405714,,,,,0.009814,1.571,40.2,10,47.0,2.94,2.0,3.142,4.0,,,,,,,
2026-06-15 18:35:20,P1781278563_ORCAUSDTUSDT,EXIT,ORCA/USDT:USDT,BREAKOUT,1.095,,,,1.129,SL,0,1.02,0.019357,1.768,32.8,10,30.0,3.29,,,,,,,,,,
2026-06-15 18:38:18,P1781280865_SNDKUSDTUSDT,EXIT,SNDK/USDT:USDT,BREAKOUT,1979.85,,,,2085.21,SL,0,2.11,23.455,1.185,36.6,10,0.02,3.96,,,,,,,,,,
2026-06-15 18:55:20,P1781520919_PENGUUSDTUSDT,ENTRY_PROBE,PENGU/USDT:USDT,BREAKOUT,0.007131,0.00704836,0.00725629,0.00738157,,,,,6.3e-05,0.878,31.9,10,7461.0,5.32,2.0,1.757,1.0,0.007067,0.28,0.00707,0.33,,,
2026-06-15 18:56:19,P1781520979_LINKUSDTUSDT,ENTRY_PROBE,LINK/USDT:USDT,BREAKOUT,8.327,8.282,8.399,8.471,,,,,0.036,0.432,37.7,10,12.94,10.78,2.0,0.865,3.0,8.297,0.18,8.442,1.93,8.515,2.81,
2026-06-15 18:56:21,P1781520981_XLMUSDTUSDT,ENTRY_PROBE,XLM/USDT:USDT,BREAKOUT,0.19375,0.192265,0.19668,0.19961,,,,,0.001465,0.756,30.5,10,317.0,6.14,2.0,1.512,1.0,0.1929,0.34,0.19921,3.62,0.21439,11.52,
2026-06-15 18:56:48,P1781521008_UNIUSDTUSDT,ENTRY_PROBE,UNI/USDT:USDT,BREAKOUT,2.653,2.63878571,2.68742857,2.72185714,,,,,0.017214,0.649,36.3,10,27.0,7.16,2.0,1.298,4.0,2.657,0.68,2.682,1.63,2.716,2.92,
2026-06-15 19:01:18,P1781520981_XLMUSDTUSDT,EXIT,XLM/USDT:USDT,BREAKOUT,0.19375,,,,0.19225,SL,0,-0.48,0.001465,0.756,30.5,10,317.0,6.14,,,,,,,,,,
2026-06-15 19:01:24,P1781521008_UNIUSDTUSDT,EXIT,UNI/USDT:USDT,BREAKOUT,2.653,,,,2.639,SL,0,-0.38,0.017214,0.649,36.3,10,27.0,7.16,,,,,,,,,,
2026-06-15 19:02:23,P1781521342_ASTERUSDTUSDT,ENTRY_PROBE,ASTER/USDT:USDT,PULLBACK,0.6339,0.63129286,0.63857857,0.64138571,,,,,0.001871,0.295,25.6,10,161.0,10.21,1.0,0.295,2.0,,,,,,,
2026-06-15 19:07:26,P1781521646_DASHUSDTUSDT,ENTRY_PROBE,DASH/USDT:USDT,BREAKOUT,39.29,38.81857143,40.13285714,40.97571429,,,,,0.421429,1.073,48.4,10,1.096,4.31,2.0,2.145,2.0,38.81,-0.0,38.84,0.08,37.98,-2.14,
2026-06-15 20:17:32,P1781520979_LINKUSDTUSDT,EXIT,LINK/USDT:USDT,BREAKOUT,8.327,,,,8.282,SL,0,-0.58,0.036,0.432,37.7,10,12.94,10.78,,,,,,,,,,
2026-06-15 20:19:26,P1781525965_SOLUSDTUSDT,ENTRY_PROBE,SOL/USDT:USDT,BREAKOUT,72.47,72.08428571,73.22142857,73.97285714,,,,,0.375714,0.518,43.3,10,1.28,9.28,2.0,1.037,4.0,,,,,,,
2026-06-16 03:18:45,P1781521646_DASHUSDTUSDT,EXIT,DASH/USDT:USDT,BREAKOUT,39.29,,,,38.81000000000001,SL,0,-0.53,0.421429,1.073,48.4,10,1.096,4.31,,,,,,,,,,
2026-06-16 05:12:03,P1781557923_IOUSDTUSDT,ENTRY_PROBE,IO/USDT:USDT,PULLBACK,0.1809,0.17754643,0.18648929,0.18984286,,,,,0.002236,1.236,26.1,10,149.9,2.71,1.0,1.236,4.0,0.1775,0.28,0.1775,0.28,,,
2026-06-16 06:27:19,P1781520919_PENGUUSDTUSDT,EXIT,PENGU/USDT:USDT,BREAKOUT,0.007131,,,,0.007047,SL,0,-0.63,6.3e-05,0.878,31.9,10,7461.0,5.32,,,,,,,,,,
2026-06-16 06:54:45,P1781557923_IOUSDTUSDT,EXIT,IO/USDT:USDT,PULLBACK,0.1809,,,,0.177,SL,0,-0.58,0.002236,1.236,26.1,10,149.9,2.71,,,,,,,,,,
2026-06-16 07:10:48,P1781565047_UNIUSDTUSDT,ENTRY_PROBE,UNI/USDT:USDT,BREAKOUT,2.784,2.757,2.836,2.888,,,,,0.026,0.934,49.5,10,18.0,5.01,2.0,1.868,1.0,,,,,,,
2026-06-16 07:51:24,P1781567484_1000SHIBUSDTUSDT,ENTRY_PROBE,1000SHIB/USDT:USDT,PULLBACK,0.005059,0.00501057,0.00513971,0.00518814,,,,,3.2e-05,0.638,43.2,10,10240.0,5.18,1.0,0.638,3.0,,,,,,,
